scenario,seed,budget,method,slice,cohort,rows,recovered,lost,net_attack_gain,attack_misses,baseline_attack_misses,benign_false_positives,baseline_benign_false_positives,net_added_false_alarms
Exploits,42,0.01,fusion_ae_plain_latent,proto=tcp,Reconnaissance,766,0,2,-2,13,11,0,0,0
Exploits,42,0.01,selective_fusion,proto=tcp,Reconnaissance,766,0,0,0,11,11,0,0,0
Exploits,42,0.03,fusion_ae_plain_latent,proto=tcp,Reconnaissance,766,0,0,0,2,2,0,0,0
Exploits,42,0.03,selective_fusion,proto=tcp,Reconnaissance,766,0,0,0,2,2,0,0,0
Exploits,42,0.05,fusion_ae_plain_latent,proto=tcp,Reconnaissance,766,0,0,0,1,1,0,0,0
Exploits,42,0.05,selective_fusion,proto=tcp,Reconnaissance,766,0,0,0,1,1,0,0,0
Exploits,42,0.01,fusion_ae_plain_latent,proto=tcp,benign,5867,0,0,0,0,0,62,57,5
Exploits,42,0.01,selective_fusion,proto=tcp,benign,5867,0,0,0,0,0,58,57,1
Exploits,42,0.03,fusion_ae_plain_latent,proto=tcp,benign,5867,0,0,0,0,0,162,160,2
Exploits,42,0.03,selective_fusion,proto=tcp,benign,5867,0,0,0,0,0,166,160,6
Exploits,42,0.05,fusion_ae_plain_latent,proto=tcp,benign,5867,0,0,0,0,0,267,272,-5
Exploits,42,0.05,selective_fusion,proto=tcp,benign,5867,0,0,0,0,0,280,272,8
Exploits,42,0.01,fusion_ae_plain_latent,proto=udp,Reconnaissance,653,0,0,0,5,5,0,0,0
Exploits,42,0.01,selective_fusion,proto=udp,Reconnaissance,653,0,0,0,5,5,0,0,0
Exploits,42,0.03,fusion_ae_plain_latent,proto=udp,Reconnaissance,653,0,0,0,2,2,0,0,0
Exploits,42,0.03,selective_fusion,proto=udp,Reconnaissance,653,0,0,0,2,2,0,0,0
Exploits,42,0.05,fusion_ae_plain_latent,proto=udp,Reconnaissance,653,1,0,1,1,2,0,0,0
Exploits,42,0.05,selective_fusion,proto=udp,Reconnaissance,653,0,0,0,2,2,0,0,0
Exploits,42,0.01,fusion_ae_plain_latent,proto=udp,benign,2072,0,0,0,0,0,12,11,1
Exploits,42,0.01,selective_fusion,proto=udp,benign,2072,0,0,0,0,0,11,11,0
Exploits,42,0.03,fusion_ae_plain_latent,proto=udp,benign,2072,0,0,0,0,0,49,47,2
Exploits,42,0.03,selective_fusion,proto=udp,benign,2072,0,0,0,0,0,47,47,0
Exploits,42,0.05,fusion_ae_plain_latent,proto=udp,benign,2072,0,0,0,0,0,113,110,3
Exploits,42,0.05,selective_fusion,proto=udp,benign,2072,0,0,0,0,0,110,110,0
Exploits,42,0.01,fusion_ae_plain_latent,service=-,Reconnaissance,2945,32,2,30,102,132,0,0,0
Exploits,42,0.01,selective_fusion,service=-,Reconnaissance,2945,0,0,0,132,132,0,0,0
Exploits,42,0.03,fusion_ae_plain_latent,service=-,Reconnaissance,2945,3,0,3,57,60,0,0,0
Exploits,42,0.03,selective_fusion,service=-,Reconnaissance,2945,0,0,0,60,60,0,0,0
Exploits,42,0.05,fusion_ae_plain_latent,service=-,Reconnaissance,2945,5,0,5,46,51,0,0,0
Exploits,42,0.05,selective_fusion,service=-,Reconnaissance,2945,0,0,0,51,51,0,0,0
Exploits,42,0.01,fusion_ae_plain_latent,service=-,benign,5290,0,0,0,0,0,46,45,1
Exploits,42,0.01,selective_fusion,service=-,benign,5290,0,0,0,0,0,46,45,1
Exploits,42,0.03,fusion_ae_plain_latent,service=-,benign,5290,0,0,0,0,0,161,161,0
Exploits,42,0.03,selective_fusion,service=-,benign,5290,0,0,0,0,0,167,161,6
Exploits,42,0.05,fusion_ae_plain_latent,service=-,benign,5290,0,0,0,0,0,312,319,-7
Exploits,42,0.05,selective_fusion,service=-,benign,5290,0,0,0,0,0,324,319,5
Exploits,42,0.01,fusion_ae_plain_latent,service=http,Reconnaissance,259,0,0,0,5,5,0,0,0
Exploits,42,0.01,selective_fusion,service=http,Reconnaissance,259,0,0,0,5,5,0,0,0
Exploits,42,0.03,fusion_ae_plain_latent,service=http,Reconnaissance,259,0,0,0,2,2,0,0,0
Exploits,42,0.03,selective_fusion,service=http,Reconnaissance,259,0,0,0,2,2,0,0,0
Exploits,42,0.05,fusion_ae_plain_latent,service=http,Reconnaissance,259,0,0,0,1,1,0,0,0
Exploits,42,0.05,selective_fusion,service=http,Reconnaissance,259,0,0,0,1,1,0,0,0
Exploits,42,0.01,fusion_ae_plain_latent,service=http,benign,794,0,0,0,0,0,24,19,5
Exploits,42,0.01,selective_fusion,service=http,benign,794,0,0,0,0,0,19,19,0
Exploits,42,0.03,fusion_ae_plain_latent,service=http,benign,794,0,0,0,0,0,39,35,4
Exploits,42,0.03,selective_fusion,service=http,benign,794,0,0,0,0,0,35,35,0
Exploits,42,0.05,fusion_ae_plain_latent,service=http,benign,794,0,0,0,0,0,52,46,6
Exploits,42,0.05,selective_fusion,service=http,benign,794,0,0,0,0,0,49,46,3
Exploits,42,0.01,fusion_ae_plain_latent,state=FIN,Reconnaissance,766,0,2,-2,13,11,0,0,0
Exploits,42,0.01,selective_fusion,state=FIN,Reconnaissance,766,0,0,0,11,11,0,0,0
Exploits,42,0.03,fusion_ae_plain_latent,state=FIN,Reconnaissance,766,0,0,0,2,2,0,0,0
Exploits,42,0.03,selective_fusion,state=FIN,Reconnaissance,766,0,0,0,2,2,0,0,0
Exploits,42,0.05,fusion_ae_plain_latent,state=FIN,Reconnaissance,766,0,0,0,1,1,0,0,0
Exploits,42,0.05,selective_fusion,state=FIN,Reconnaissance,766,0,0,0,1,1,0,0,0
Exploits,42,0.01,fusion_ae_plain_latent,state=FIN,benign,5580,0,0,0,0,0,62,57,5
Exploits,42,0.01,selective_fusion,state=FIN,benign,5580,0,0,0,0,0,58,57,1
Exploits,42,0.03,fusion_ae_plain_latent,state=FIN,benign,5580,0,0,0,0,0,162,160,2
Exploits,42,0.03,selective_fusion,state=FIN,benign,5580,0,0,0,0,0,166,160,6
Exploits,42,0.05,fusion_ae_plain_latent,state=FIN,benign,5580,0,0,0,0,0,267,272,-5
Exploits,42,0.05,selective_fusion,state=FIN,benign,5580,0,0,0,0,0,280,272,8
Exploits,123,0.01,fusion_ae_plain_latent,proto=tcp,Reconnaissance,790,0,6,-6,15,9,0,0,0
Exploits,123,0.01,selective_fusion,proto=tcp,Reconnaissance,790,0,0,0,9,9,0,0,0
Exploits,123,0.03,fusion_ae_plain_latent,proto=tcp,Reconnaissance,790,0,1,-1,4,3,0,0,0
Exploits,123,0.03,selective_fusion,proto=tcp,Reconnaissance,790,0,0,0,3,3,0,0,0
Exploits,123,0.05,fusion_ae_plain_latent,proto=tcp,Reconnaissance,790,0,0,0,3,3,0,0,0
Exploits,123,0.05,selective_fusion,proto=tcp,Reconnaissance,790,0,0,0,3,3,0,0,0
Exploits,123,0.01,fusion_ae_plain_latent,proto=tcp,benign,5893,0,0,0,0,0,53,53,0
Exploits,123,0.01,selective_fusion,proto=tcp,benign,5893,0,0,0,0,0,53,53,0
Exploits,123,0.03,fusion_ae_plain_latent,proto=tcp,benign,5893,0,0,0,0,0,171,161,10
Exploits,123,0.03,selective_fusion,proto=tcp,benign,5893,0,0,0,0,0,161,161,0
Exploits,123,0.05,fusion_ae_plain_latent,proto=tcp,benign,5893,0,0,0,0,0,276,270,6
Exploits,123,0.05,selective_fusion,proto=tcp,benign,5893,0,0,0,0,0,272,270,2
Exploits,123,0.01,fusion_ae_plain_latent,proto=udp,Reconnaissance,335,0,1,-1,9,8,0,0,0
Exploits,123,0.01,selective_fusion,proto=udp,Reconnaissance,335,0,0,0,8,8,0,0,0
Exploits,123,0.03,fusion_ae_plain_latent,proto=udp,Reconnaissance,335,0,1,-1,1,0,0,0,0
Exploits,123,0.03,selective_fusion,proto=udp,Reconnaissance,335,0,0,0,0,0,0,0,0
Exploits,123,0.05,fusion_ae_plain_latent,proto=udp,Reconnaissance,335,0,0,0,0,0,0,0,0
Exploits,123,0.05,selective_fusion,proto=udp,Reconnaissance,335,0,0,0,0,0,0,0,0
Exploits,123,0.01,fusion_ae_plain_latent,proto=udp,benign,2130,0,0,0,0,0,14,15,-1
Exploits,123,0.01,selective_fusion,proto=udp,benign,2130,0,0,0,0,0,15,15,0
Exploits,123,0.03,fusion_ae_plain_latent,proto=udp,benign,2130,0,0,0,0,0,59,64,-5
Exploits,123,0.03,selective_fusion,proto=udp,benign,2130,0,0,0,0,0,64,64,0
Exploits,123,0.05,fusion_ae_plain_latent,proto=udp,benign,2130,0,0,0,0,0,136,140,-4
Exploits,123,0.05,selective_fusion,proto=udp,benign,2130,0,0,0,0,0,140,140,0
Exploits,123,0.01,fusion_ae_plain_latent,service=-,Reconnaissance,2656,16,6,10,131,141,0,0,0
Exploits,123,0.01,selective_fusion,service=-,Reconnaissance,2656,0,0,0,141,141,0,0,0
Exploits,123,0.03,fusion_ae_plain_latent,service=-,Reconnaissance,2656,0,1,-1,61,60,0,0,0
Exploits,123,0.03,selective_fusion,service=-,Reconnaissance,2656,0,0,0,60,60,0,0,0
Exploits,123,0.05,fusion_ae_plain_latent,service=-,Reconnaissance,2656,2,0,2,51,53,0,0,0
Exploits,123,0.05,selective_fusion,service=-,Reconnaissance,2656,0,0,0,53,53,0,0,0
Exploits,123,0.01,fusion_ae_plain_latent,service=-,benign,5391,0,0,0,0,0,37,45,-8
Exploits,123,0.01,selective_fusion,service=-,benign,5391,0,0,0,0,0,45,45,0
Exploits,123,0.03,fusion_ae_plain_latent,service=-,benign,5391,0,0,0,0,0,169,178,-9
Exploits,123,0.03,selective_fusion,service=-,benign,5391,0,0,0,0,0,178,178,0
Exploits,123,0.05,fusion_ae_plain_latent,service=-,benign,5391,0,0,0,0,0,329,339,-10
Exploits,123,0.05,selective_fusion,service=-,benign,5391,0,0,0,0,0,339,339,0
Exploits,123,0.01,fusion_ae_plain_latent,service=http,Reconnaissance,261,0,1,-1,6,5,0,0,0
Exploits,123,0.01,selective_fusion,service=http,Reconnaissance,261,0,0,0,5,5,0,0,0
Exploits,123,0.03,fusion_ae_plain_latent,service=http,Reconnaissance,261,0,1,-1,4,3,0,0,0
Exploits,123,0.03,selective_fusion,service=http,Reconnaissance,261,0,0,0,3,3,0,0,0
Exploits,123,0.05,fusion_ae_plain_latent,service=http,Reconnaissance,261,0,0,0,3,3,0,0,0
Exploits,123,0.05,selective_fusion,service=http,Reconnaissance,261,0,0,0,3,3,0,0,0
Exploits,123,0.01,fusion_ae_plain_latent,service=http,benign,789,0,0,0,0,0,20,16,4
Exploits,123,0.01,selective_fusion,service=http,benign,789,0,0,0,0,0,16,16,0
Exploits,123,0.03,fusion_ae_plain_latent,service=http,benign,789,0,0,0,0,0,42,29,13
Exploits,123,0.03,selective_fusion,service=http,benign,789,0,0,0,0,0,29,29,0
Exploits,123,0.05,fusion_ae_plain_latent,service=http,benign,789,0,0,0,0,0,57,47,10
Exploits,123,0.05,selective_fusion,service=http,benign,789,0,0,0,0,0,47,47,0
Exploits,123,0.01,fusion_ae_plain_latent,state=FIN,Reconnaissance,790,0,6,-6,15,9,0,0,0
Exploits,123,0.01,selective_fusion,state=FIN,Reconnaissance,790,0,0,0,9,9,0,0,0
Exploits,123,0.03,fusion_ae_plain_latent,state=FIN,Reconnaissance,790,0,1,-1,4,3,0,0,0
Exploits,123,0.03,selective_fusion,state=FIN,Reconnaissance,790,0,0,0,3,3,0,0,0
Exploits,123,0.05,fusion_ae_plain_latent,state=FIN,Reconnaissance,790,0,0,0,3,3,0,0,0
Exploits,123,0.05,selective_fusion,state=FIN,Reconnaissance,790,0,0,0,3,3,0,0,0
Exploits,123,0.01,fusion_ae_plain_latent,state=FIN,benign,5572,0,0,0,0,0,52,52,0
Exploits,123,0.01,selective_fusion,state=FIN,benign,5572,0,0,0,0,0,52,52,0
Exploits,123,0.03,fusion_ae_plain_latent,state=FIN,benign,5572,0,0,0,0,0,170,160,10
Exploits,123,0.03,selective_fusion,state=FIN,benign,5572,0,0,0,0,0,160,160,0
Exploits,123,0.05,fusion_ae_plain_latent,state=FIN,benign,5572,0,0,0,0,0,274,269,5
Exploits,123,0.05,selective_fusion,state=FIN,benign,5572,0,0,0,0,0,271,269,2
Exploits,2026,0.01,fusion_ae_plain_latent,proto=tcp,Reconnaissance,838,4,16,-12,34,22,0,0,0
Exploits,2026,0.01,selective_fusion,proto=tcp,Reconnaissance,838,1,0,1,21,22,0,0,0
Exploits,2026,0.03,fusion_ae_plain_latent,proto=tcp,Reconnaissance,838,1,1,0,3,3,0,0,0
Exploits,2026,0.03,selective_fusion,proto=tcp,Reconnaissance,838,1,0,1,2,3,0,0,0
Exploits,2026,0.05,fusion_ae_plain_latent,proto=tcp,Reconnaissance,838,1,0,1,2,3,0,0,0
Exploits,2026,0.05,selective_fusion,proto=tcp,Reconnaissance,838,1,0,1,2,3,0,0,0
Exploits,2026,0.01,fusion_ae_plain_latent,proto=tcp,benign,5912,0,0,0,0,0,59,60,-1
Exploits,2026,0.01,selective_fusion,proto=tcp,benign,5912,0,0,0,0,0,68,60,8
Exploits,2026,0.03,fusion_ae_plain_latent,proto=tcp,benign,5912,0,0,0,0,0,197,199,-2
Exploits,2026,0.03,selective_fusion,proto=tcp,benign,5912,0,0,0,0,0,200,199,1
Exploits,2026,0.05,fusion_ae_plain_latent,proto=tcp,benign,5912,0,0,0,0,0,297,296,1
Exploits,2026,0.05,selective_fusion,proto=tcp,benign,5912,0,0,0,0,0,296,296,0
Exploits,2026,0.01,fusion_ae_plain_latent,proto=udp,Reconnaissance,421,0,0,0,3,3,0,0,0
Exploits,2026,0.01,selective_fusion,proto=udp,Reconnaissance,421,0,0,0,3,3,0,0,0
Exploits,2026,0.03,fusion_ae_plain_latent,proto=udp,Reconnaissance,421,0,0,0,0,0,0,0,0
Exploits,2026,0.03,selective_fusion,proto=udp,Reconnaissance,421,0,0,0,0,0,0,0,0
Exploits,2026,0.05,fusion_ae_plain_latent,proto=udp,Reconnaissance,421,0,0,0,0,0,0,0,0
Exploits,2026,0.05,selective_fusion,proto=udp,Reconnaissance,421,0,0,0,0,0,0,0,0
Exploits,2026,0.01,fusion_ae_plain_latent,proto=udp,benign,2031,0,0,0,0,0,9,8,1
Exploits,2026,0.01,selective_fusion,proto=udp,benign,2031,0,0,0,0,0,9,8,1
Exploits,2026,0.03,fusion_ae_plain_latent,proto=udp,benign,2031,0,0,0,0,0,48,43,5
Exploits,2026,0.03,selective_fusion,proto=udp,benign,2031,0,0,0,0,0,44,43,1
Exploits,2026,0.05,fusion_ae_plain_latent,proto=udp,benign,2031,0,0,0,0,0,91,86,5
Exploits,2026,0.05,selective_fusion,proto=udp,benign,2031,0,0,0,0,0,86,86,0
Exploits,2026,0.01,fusion_ae_plain_latent,service=-,Reconnaissance,2736,82,14,68,159,227,0,0,0
Exploits,2026,0.01,selective_fusion,service=-,Reconnaissance,2736,18,0,18,209,227,0,0,0
Exploits,2026,0.03,fusion_ae_plain_latent,service=-,Reconnaissance,2736,7,0,7,63,70,0,0,0
Exploits,2026,0.03,selective_fusion,service=-,Reconnaissance,2736,3,0,3,67,70,0,0,0
Exploits,2026,0.05,fusion_ae_plain_latent,service=-,Reconnaissance,2736,1,0,1,59,60,0,0,0
Exploits,2026,0.05,selective_fusion,service=-,Reconnaissance,2736,1,0,1,59,60,0,0,0
Exploits,2026,0.01,fusion_ae_plain_latent,service=-,benign,5544,0,0,0,0,0,40,56,-16
Exploits,2026,0.01,selective_fusion,service=-,benign,5544,0,0,0,0,0,57,56,1
Exploits,2026,0.03,fusion_ae_plain_latent,service=-,benign,5544,0,0,0,0,0,186,189,-3
Exploits,2026,0.03,selective_fusion,service=-,benign,5544,0,0,0,0,0,189,189,0
Exploits,2026,0.05,fusion_ae_plain_latent,service=-,benign,5544,0,0,0,0,0,307,308,-1
Exploits,2026,0.05,selective_fusion,service=-,benign,5544,0,0,0,0,0,308,308,0
Exploits,2026,0.01,fusion_ae_plain_latent,service=http,Reconnaissance,298,4,2,2,6,8,0,0,0
Exploits,2026,0.01,selective_fusion,service=http,Reconnaissance,298,0,0,0,8,8,0,0,0
Exploits,2026,0.03,fusion_ae_plain_latent,service=http,Reconnaissance,298,0,1,-1,2,1,0,0,0
Exploits,2026,0.03,selective_fusion,service=http,Reconnaissance,298,0,0,0,1,1,0,0,0
Exploits,2026,0.05,fusion_ae_plain_latent,service=http,Reconnaissance,298,0,0,0,1,1,0,0,0
Exploits,2026,0.05,selective_fusion,service=http,Reconnaissance,298,0,0,0,1,1,0,0,0
Exploits,2026,0.01,fusion_ae_plain_latent,service=http,benign,784,0,0,0,0,0,24,8,16
Exploits,2026,0.01,selective_fusion,service=http,benign,784,0,0,0,0,0,14,8,6
Exploits,2026,0.03,fusion_ae_plain_latent,service=http,benign,784,0,0,0,0,0,43,37,6
Exploits,2026,0.03,selective_fusion,service=http,benign,784,0,0,0,0,0,38,37,1
Exploits,2026,0.05,fusion_ae_plain_latent,service=http,benign,784,0,0,0,0,0,55,48,7
Exploits,2026,0.05,selective_fusion,service=http,benign,784,0,0,0,0,0,48,48,0
Exploits,2026,0.01,fusion_ae_plain_latent,state=FIN,Reconnaissance,837,4,16,-12,33,21,0,0,0
Exploits,2026,0.01,selective_fusion,state=FIN,Reconnaissance,837,0,0,0,21,21,0,0,0
Exploits,2026,0.03,fusion_ae_plain_latent,state=FIN,Reconnaissance,837,0,1,-1,3,2,0,0,0
Exploits,2026,0.03,selective_fusion,state=FIN,Reconnaissance,837,0,0,0,2,2,0,0,0
Exploits,2026,0.05,fusion_ae_plain_latent,state=FIN,Reconnaissance,837,0,0,0,2,2,0,0,0
Exploits,2026,0.05,selective_fusion,state=FIN,Reconnaissance,837,0,0,0,2,2,0,0,0
Exploits,2026,0.01,fusion_ae_plain_latent,state=FIN,benign,5603,0,0,0,0,0,59,60,-1
Exploits,2026,0.01,selective_fusion,state=FIN,benign,5603,0,0,0,0,0,68,60,8
Exploits,2026,0.03,fusion_ae_plain_latent,state=FIN,benign,5603,0,0,0,0,0,197,199,-2
Exploits,2026,0.03,selective_fusion,state=FIN,benign,5603,0,0,0,0,0,200,199,1
Exploits,2026,0.05,fusion_ae_plain_latent,state=FIN,benign,5603,0,0,0,0,0,297,296,1
Exploits,2026,0.05,selective_fusion,state=FIN,benign,5603,0,0,0,0,0,296,296,0
Reconnaissance,42,0.01,fusion_ae_plain_latent,proto=tcp,Reconnaissance,5100,303,11,292,3091,3383,0,0,0
Reconnaissance,42,0.01,selective_fusion,proto=tcp,Reconnaissance,5100,101,0,101,3282,3383,0,0,0
Reconnaissance,42,0.03,fusion_ae_plain_latent,proto=tcp,Reconnaissance,5100,89,357,-268,1491,1223,0,0,0
Reconnaissance,42,0.03,selective_fusion,proto=tcp,Reconnaissance,5100,4,0,4,1219,1223,0,0,0
Reconnaissance,42,0.05,fusion_ae_plain_latent,proto=tcp,Reconnaissance,5100,28,161,-133,546,413,0,0,0
Reconnaissance,42,0.05,selective_fusion,proto=tcp,Reconnaissance,5100,0,0,0,413,413,0,0,0
Reconnaissance,42,0.01,fusion_ae_plain_latent,proto=tcp,benign,5867,0,0,0,0,0,54,50,4
Reconnaissance,42,0.01,selective_fusion,proto=tcp,benign,5867,0,0,0,0,0,53,50,3
Reconnaissance,42,0.03,fusion_ae_plain_latent,proto=tcp,benign,5867,0,0,0,0,0,169,171,-2
Reconnaissance,42,0.03,selective_fusion,proto=tcp,benign,5867,0,0,0,0,0,172,171,1
Reconnaissance,42,0.05,fusion_ae_plain_latent,proto=tcp,benign,5867,0,0,0,0,0,278,284,-6
Reconnaissance,42,0.05,selective_fusion,proto=tcp,benign,5867,0,0,0,0,0,284,284,0
Reconnaissance,42,0.01,fusion_ae_plain_latent,proto=udp,Reconnaissance,3586,73,4,69,1431,1500,0,0,0
Reconnaissance,42,0.01,selective_fusion,proto=udp,Reconnaissance,3586,0,0,0,1500,1500,0,0,0
Reconnaissance,42,0.03,fusion_ae_plain_latent,proto=udp,Reconnaissance,3586,0,3,-3,138,135,0,0,0
Reconnaissance,42,0.03,selective_fusion,proto=udp,Reconnaissance,3586,0,0,0,135,135,0,0,0
Reconnaissance,42,0.05,fusion_ae_plain_latent,proto=udp,Reconnaissance,3586,0,1,-1,31,30,0,0,0
Reconnaissance,42,0.05,selective_fusion,proto=udp,Reconnaissance,3586,0,0,0,30,30,0,0,0
Reconnaissance,42,0.01,fusion_ae_plain_latent,proto=udp,benign,2075,0,0,0,0,0,15,15,0
Reconnaissance,42,0.01,selective_fusion,proto=udp,benign,2075,0,0,0,0,0,15,15,0
Reconnaissance,42,0.03,fusion_ae_plain_latent,proto=udp,benign,2075,0,0,0,0,0,51,52,-1
Reconnaissance,42,0.03,selective_fusion,proto=udp,benign,2075,0,0,0,0,0,52,52,0
Reconnaissance,42,0.05,fusion_ae_plain_latent,proto=udp,benign,2075,0,0,0,0,0,109,108,1
Reconnaissance,42,0.05,selective_fusion,proto=udp,benign,2075,0,0,0,0,0,108,108,0
Reconnaissance,42,0.01,fusion_ae_plain_latent,service=-,Reconnaissance,8788,457,15,442,4788,5230,0,0,0
Reconnaissance,42,0.01,selective_fusion,service=-,Reconnaissance,8788,106,0,106,5124,5230,0,0,0
Reconnaissance,42,0.03,fusion_ae_plain_latent,service=-,Reconnaissance,8788,98,360,-262,1683,1421,0,0,0
Reconnaissance,42,0.03,selective_fusion,service=-,Reconnaissance,8788,4,0,4,1417,1421,0,0,0
Reconnaissance,42,0.05,fusion_ae_plain_latent,service=-,Reconnaissance,8788,27,162,-135,617,482,0,0,0
Reconnaissance,42,0.05,selective_fusion,service=-,Reconnaissance,8788,0,0,0,482,482,0,0,0
Reconnaissance,42,0.01,fusion_ae_plain_latent,service=-,benign,5293,0,0,0,0,0,40,44,-4
Reconnaissance,42,0.01,selective_fusion,service=-,benign,5293,0,0,0,0,0,45,44,1
Reconnaissance,42,0.03,fusion_ae_plain_latent,service=-,benign,5293,0,0,0,0,0,162,172,-10
Reconnaissance,42,0.03,selective_fusion,service=-,benign,5293,0,0,0,0,0,173,172,1
Reconnaissance,42,0.05,fusion_ae_plain_latent,service=-,benign,5293,0,0,0,0,0,299,321,-22
Reconnaissance,42,0.05,selective_fusion,service=-,benign,5293,0,0,0,0,0,321,321,0
Reconnaissance,42,0.01,fusion_ae_plain_latent,service=http,Reconnaissance,1603,9,0,9,27,36,0,0,0
Reconnaissance,42,0.01,selective_fusion,service=http,Reconnaissance,1603,1,0,1,35,36,0,0,0
Reconnaissance,42,0.03,fusion_ae_plain_latent,service=http,Reconnaissance,1603,1,0,1,13,14,0,0,0
Reconnaissance,42,0.03,selective_fusion,service=http,Reconnaissance,1603,0,0,0,14,14,0,0,0
Reconnaissance,42,0.05,fusion_ae_plain_latent,service=http,Reconnaissance,1603,1,0,1,9,10,0,0,0
Reconnaissance,42,0.05,selective_fusion,service=http,Reconnaissance,1603,0,0,0,10,10,0,0,0
Reconnaissance,42,0.01,fusion_ae_plain_latent,service=http,benign,794,0,0,0,0,0,25,15,10
Reconnaissance,42,0.01,selective_fusion,service=http,benign,794,0,0,0,0,0,17,15,2
Reconnaissance,42,0.03,fusion_ae_plain_latent,service=http,benign,794,0,0,0,0,0,45,38,7
Reconnaissance,42,0.03,selective_fusion,service=http,benign,794,0,0,0,0,0,38,38,0
Reconnaissance,42,0.05,fusion_ae_plain_latent,service=http,benign,794,0,0,0,0,0,69,51,18
Reconnaissance,42,0.05,selective_fusion,service=http,benign,794,0,0,0,0,0,51,51,0
Reconnaissance,42,0.01,fusion_ae_plain_latent,state=FIN,Reconnaissance,5095,303,11,292,3090,3382,0,0,0
Reconnaissance,42,0.01,selective_fusion,state=FIN,Reconnaissance,5095,101,0,101,3281,3382,0,0,0
Reconnaissance,42,0.03,fusion_ae_plain_latent,state=FIN,Reconnaissance,5095,89,357,-268,1490,1222,0,0,0
Reconnaissance,42,0.03,selective_fusion,state=FIN,Reconnaissance,5095,4,0,4,1218,1222,0,0,0
Reconnaissance,42,0.05,fusion_ae_plain_latent,state=FIN,Reconnaissance,5095,28,161,-133,545,412,0,0,0
Reconnaissance,42,0.05,selective_fusion,state=FIN,Reconnaissance,5095,0,0,0,412,412,0,0,0
Reconnaissance,42,0.01,fusion_ae_plain_latent,state=FIN,benign,5580,0,0,0,0,0,54,50,4
Reconnaissance,42,0.01,selective_fusion,state=FIN,benign,5580,0,0,0,0,0,53,50,3
Reconnaissance,42,0.03,fusion_ae_plain_latent,state=FIN,benign,5580,0,0,0,0,0,169,171,-2
Reconnaissance,42,0.03,selective_fusion,state=FIN,benign,5580,0,0,0,0,0,172,171,1
Reconnaissance,42,0.05,fusion_ae_plain_latent,state=FIN,benign,5580,0,0,0,0,0,278,284,-6
Reconnaissance,42,0.05,selective_fusion,state=FIN,benign,5580,0,0,0,0,0,284,284,0
Reconnaissance,123,0.01,fusion_ae_plain_latent,proto=tcp,Reconnaissance,5100,100,121,-21,3116,3095,0,0,0
Reconnaissance,123,0.01,selective_fusion,proto=tcp,Reconnaissance,5100,0,0,0,3095,3095,0,0,0
Reconnaissance,123,0.03,fusion_ae_plain_latent,proto=tcp,Reconnaissance,5100,45,324,-279,1713,1434,0,0,0
Reconnaissance,123,0.03,selective_fusion,proto=tcp,Reconnaissance,5100,5,0,5,1429,1434,0,0,0
Reconnaissance,123,0.05,fusion_ae_plain_latent,proto=tcp,Reconnaissance,5100,28,132,-104,656,552,0,0,0
Reconnaissance,123,0.05,selective_fusion,proto=tcp,Reconnaissance,5100,0,0,0,552,552,0,0,0
Reconnaissance,123,0.01,fusion_ae_plain_latent,proto=tcp,benign,5893,0,0,0,0,0,66,64,2
Reconnaissance,123,0.01,selective_fusion,proto=tcp,benign,5893,0,0,0,0,0,64,64,0
Reconnaissance,123,0.03,fusion_ae_plain_latent,proto=tcp,benign,5893,0,0,0,0,0,160,171,-11
Reconnaissance,123,0.03,selective_fusion,proto=tcp,benign,5893,0,0,0,0,0,173,171,2
Reconnaissance,123,0.05,fusion_ae_plain_latent,proto=tcp,benign,5893,0,0,0,0,0,289,292,-3
Reconnaissance,123,0.05,selective_fusion,proto=tcp,benign,5893,0,0,0,0,0,294,292,2
Reconnaissance,123,0.01,fusion_ae_plain_latent,proto=udp,Reconnaissance,3586,32,15,17,1230,1247,0,0,0
Reconnaissance,123,0.01,selective_fusion,proto=udp,Reconnaissance,3586,0,0,0,1247,1247,0,0,0
Reconnaissance,123,0.03,fusion_ae_plain_latent,proto=udp,Reconnaissance,3586,0,20,-20,133,113,0,0,0
Reconnaissance,123,0.03,selective_fusion,proto=udp,Reconnaissance,3586,0,0,0,113,113,0,0,0
Reconnaissance,123,0.05,fusion_ae_plain_latent,proto=udp,Reconnaissance,3586,0,2,-2,20,18,0,0,0
Reconnaissance,123,0.05,selective_fusion,proto=udp,Reconnaissance,3586,0,0,0,18,18,0,0,0
Reconnaissance,123,0.01,fusion_ae_plain_latent,proto=udp,benign,2134,0,0,0,0,0,18,11,7
Reconnaissance,123,0.01,selective_fusion,proto=udp,benign,2134,0,0,0,0,0,11,11,0
Reconnaissance,123,0.03,fusion_ae_plain_latent,proto=udp,benign,2134,0,0,0,0,0,67,70,-3
Reconnaissance,123,0.03,selective_fusion,proto=udp,benign,2134,0,0,0,0,0,70,70,0
Reconnaissance,123,0.05,fusion_ae_plain_latent,proto=udp,benign,2134,0,0,0,0,0,146,146,0
Reconnaissance,123,0.05,selective_fusion,proto=udp,benign,2134,0,0,0,0,0,146,146,0
Reconnaissance,123,0.01,fusion_ae_plain_latent,service=-,Reconnaissance,8788,221,133,88,4499,4587,0,0,0
Reconnaissance,123,0.01,selective_fusion,service=-,Reconnaissance,8788,0,0,0,4587,4587,0,0,0
Reconnaissance,123,0.03,fusion_ae_plain_latent,service=-,Reconnaissance,8788,55,344,-289,1893,1604,0,0,0
Reconnaissance,123,0.03,selective_fusion,service=-,Reconnaissance,8788,5,0,5,1599,1604,0,0,0
Reconnaissance,123,0.05,fusion_ae_plain_latent,service=-,Reconnaissance,8788,30,134,-104,697,593,0,0,0
Reconnaissance,123,0.05,selective_fusion,service=-,Reconnaissance,8788,0,0,0,593,593,0,0,0
Reconnaissance,123,0.01,fusion_ae_plain_latent,service=-,benign,5395,0,0,0,0,0,53,51,2
Reconnaissance,123,0.01,selective_fusion,service=-,benign,5395,0,0,0,0,0,51,51,0
Reconnaissance,123,0.03,fusion_ae_plain_latent,service=-,benign,5395,0,0,0,0,0,167,194,-27
Reconnaissance,123,0.03,selective_fusion,service=-,benign,5395,0,0,0,0,0,196,194,2
Reconnaissance,123,0.05,fusion_ae_plain_latent,service=-,benign,5395,0,0,0,0,0,346,360,-14
Reconnaissance,123,0.05,selective_fusion,service=-,benign,5395,0,0,0,0,0,362,360,2
Reconnaissance,123,0.01,fusion_ae_plain_latent,service=http,Reconnaissance,1603,3,3,0,22,22,0,0,0
Reconnaissance,123,0.01,selective_fusion,service=http,Reconnaissance,1603,0,0,0,22,22,0,0,0
Reconnaissance,123,0.03,fusion_ae_plain_latent,service=http,Reconnaissance,1603,0,0,0,9,9,0,0,0
Reconnaissance,123,0.03,selective_fusion,service=http,Reconnaissance,1603,0,0,0,9,9,0,0,0
Reconnaissance,123,0.05,fusion_ae_plain_latent,service=http,Reconnaissance,1603,1,0,1,8,9,0,0,0
Reconnaissance,123,0.05,selective_fusion,service=http,Reconnaissance,1603,0,0,0,9,9,0,0,0
Reconnaissance,123,0.01,fusion_ae_plain_latent,service=http,benign,789,0,0,0,0,0,21,13,8
Reconnaissance,123,0.01,selective_fusion,service=http,benign,789,0,0,0,0,0,13,13,0
Reconnaissance,123,0.03,fusion_ae_plain_latent,service=http,benign,789,0,0,0,0,0,40,28,12
Reconnaissance,123,0.03,selective_fusion,service=http,benign,789,0,0,0,0,0,28,28,0
Reconnaissance,123,0.05,fusion_ae_plain_latent,service=http,benign,789,0,0,0,0,0,61,51,10
Reconnaissance,123,0.05,selective_fusion,service=http,benign,789,0,0,0,0,0,51,51,0
Reconnaissance,123,0.01,fusion_ae_plain_latent,state=FIN,Reconnaissance,5095,100,121,-21,3115,3094,0,0,0
Reconnaissance,123,0.01,selective_fusion,state=FIN,Reconnaissance,5095,0,0,0,3094,3094,0,0,0
Reconnaissance,123,0.03,fusion_ae_plain_latent,state=FIN,Reconnaissance,5095,45,324,-279,1712,1433,0,0,0
Reconnaissance,123,0.03,selective_fusion,state=FIN,Reconnaissance,5095,5,0,5,1428,1433,0,0,0
Reconnaissance,123,0.05,fusion_ae_plain_latent,state=FIN,Reconnaissance,5095,28,132,-104,655,551,0,0,0
Reconnaissance,123,0.05,selective_fusion,state=FIN,Reconnaissance,5095,0,0,0,551,551,0,0,0
Reconnaissance,123,0.01,fusion_ae_plain_latent,state=FIN,benign,5572,0,0,0,0,0,64,63,1
Reconnaissance,123,0.01,selective_fusion,state=FIN,benign,5572,0,0,0,0,0,63,63,0
Reconnaissance,123,0.03,fusion_ae_plain_latent,state=FIN,benign,5572,0,0,0,0,0,158,170,-12
Reconnaissance,123,0.03,selective_fusion,state=FIN,benign,5572,0,0,0,0,0,170,170,0
Reconnaissance,123,0.05,fusion_ae_plain_latent,state=FIN,benign,5572,0,0,0,0,0,286,291,-5
Reconnaissance,123,0.05,selective_fusion,state=FIN,benign,5572,0,0,0,0,0,291,291,0
Reconnaissance,2026,0.01,fusion_ae_plain_latent,proto=tcp,Reconnaissance,5100,131,75,56,3228,3284,0,0,0
Reconnaissance,2026,0.01,selective_fusion,proto=tcp,Reconnaissance,5100,2,0,2,3282,3284,0,0,0
Reconnaissance,2026,0.03,fusion_ae_plain_latent,proto=tcp,Reconnaissance,5100,96,188,-92,1672,1580,0,0,0
Reconnaissance,2026,0.03,selective_fusion,proto=tcp,Reconnaissance,5100,46,0,46,1534,1580,0,0,0
Reconnaissance,2026,0.05,fusion_ae_plain_latent,proto=tcp,Reconnaissance,5100,47,162,-115,792,677,0,0,0
Reconnaissance,2026,0.05,selective_fusion,proto=tcp,Reconnaissance,5100,3,0,3,674,677,0,0,0
Reconnaissance,2026,0.01,fusion_ae_plain_latent,proto=tcp,benign,5912,0,0,0,0,0,77,72,5
Reconnaissance,2026,0.01,selective_fusion,proto=tcp,benign,5912,0,0,0,0,0,74,72,2
Reconnaissance,2026,0.03,fusion_ae_plain_latent,proto=tcp,benign,5912,0,0,0,0,0,213,223,-10
Reconnaissance,2026,0.03,selective_fusion,proto=tcp,benign,5912,0,0,0,0,0,226,223,3
Reconnaissance,2026,0.05,fusion_ae_plain_latent,proto=tcp,benign,5912,0,0,0,0,0,314,319,-5
Reconnaissance,2026,0.05,selective_fusion,proto=tcp,benign,5912,0,0,0,0,0,319,319,0
Reconnaissance,2026,0.01,fusion_ae_plain_latent,proto=udp,Reconnaissance,3586,17,66,-49,1275,1226,0,0,0
Reconnaissance,2026,0.01,selective_fusion,proto=udp,Reconnaissance,3586,0,0,0,1226,1226,0,0,0
Reconnaissance,2026,0.03,fusion_ae_plain_latent,proto=udp,Reconnaissance,3586,11,0,11,85,96,0,0,0
Reconnaissance,2026,0.03,selective_fusion,proto=udp,Reconnaissance,3586,0,0,0,96,96,0,0,0
Reconnaissance,2026,0.05,fusion_ae_plain_latent,proto=udp,Reconnaissance,3586,0,0,0,24,24,0,0,0
Reconnaissance,2026,0.05,selective_fusion,proto=udp,Reconnaissance,3586,0,0,0,24,24,0,0,0
Reconnaissance,2026,0.01,fusion_ae_plain_latent,proto=udp,benign,2028,0,0,0,0,0,20,20,0
Reconnaissance,2026,0.01,selective_fusion,proto=udp,benign,2028,0,0,0,0,0,21,20,1
Reconnaissance,2026,0.03,fusion_ae_plain_latent,proto=udp,benign,2028,0,0,0,0,0,51,49,2
Reconnaissance,2026,0.03,selective_fusion,proto=udp,benign,2028,0,0,0,0,0,49,49,0
Reconnaissance,2026,0.05,fusion_ae_plain_latent,proto=udp,benign,2028,0,0,0,0,0,107,107,0
Reconnaissance,2026,0.05,selective_fusion,proto=udp,benign,2028,0,0,0,0,0,107,107,0
Reconnaissance,2026,0.01,fusion_ae_plain_latent,service=-,Reconnaissance,8788,265,141,124,4580,4704,0,0,0
Reconnaissance,2026,0.01,selective_fusion,service=-,Reconnaissance,8788,2,0,2,4702,4704,0,0,0
Reconnaissance,2026,0.03,fusion_ae_plain_latent,service=-,Reconnaissance,8788,112,188,-76,1808,1732,0,0,0
Reconnaissance,2026,0.03,selective_fusion,service=-,Reconnaissance,8788,44,0,44,1688,1732,0,0,0
Reconnaissance,2026,0.05,fusion_ae_plain_latent,service=-,Reconnaissance,8788,51,162,-111,856,745,0,0,0
Reconnaissance,2026,0.05,selective_fusion,service=-,Reconnaissance,8788,3,0,3,742,745,0,0,0
Reconnaissance,2026,0.01,fusion_ae_plain_latent,service=-,benign,5541,0,0,0,0,0,58,67,-9
Reconnaissance,2026,0.01,selective_fusion,service=-,benign,5541,0,0,0,0,0,67,67,0
Reconnaissance,2026,0.03,fusion_ae_plain_latent,service=-,benign,5541,0,0,0,0,0,197,213,-16
Reconnaissance,2026,0.03,selective_fusion,service=-,benign,5541,0,0,0,0,0,213,213,0
Reconnaissance,2026,0.05,fusion_ae_plain_latent,service=-,benign,5541,0,0,0,0,0,333,350,-17
Reconnaissance,2026,0.05,selective_fusion,service=-,benign,5541,0,0,0,0,0,350,350,0
Reconnaissance,2026,0.01,fusion_ae_plain_latent,service=http,Reconnaissance,1603,7,0,7,16,23,0,0,0
Reconnaissance,2026,0.01,selective_fusion,service=http,Reconnaissance,1603,0,0,0,23,23,0,0,0
Reconnaissance,2026,0.03,fusion_ae_plain_latent,service=http,Reconnaissance,1603,3,0,3,6,9,0,0,0
Reconnaissance,2026,0.03,selective_fusion,service=http,Reconnaissance,1603,2,0,2,7,9,0,0,0
Reconnaissance,2026,0.05,fusion_ae_plain_latent,service=http,Reconnaissance,1603,0,0,0,6,6,0,0,0
Reconnaissance,2026,0.05,selective_fusion,service=http,Reconnaissance,1603,0,0,0,6,6,0,0,0
Reconnaissance,2026,0.01,fusion_ae_plain_latent,service=http,benign,784,0,0,0,0,0,29,17,12
Reconnaissance,2026,0.01,selective_fusion,service=http,benign,784,0,0,0,0,0,19,17,2
Reconnaissance,2026,0.03,fusion_ae_plain_latent,service=http,benign,784,0,0,0,0,0,51,44,7
Reconnaissance,2026,0.03,selective_fusion,service=http,benign,784,0,0,0,0,0,47,44,3
Reconnaissance,2026,0.05,fusion_ae_plain_latent,service=http,benign,784,0,0,0,0,0,65,55,10
Reconnaissance,2026,0.05,selective_fusion,service=http,benign,784,0,0,0,0,0,55,55,0
Reconnaissance,2026,0.01,fusion_ae_plain_latent,state=FIN,Reconnaissance,5095,131,75,56,3227,3283,0,0,0
Reconnaissance,2026,0.01,selective_fusion,state=FIN,Reconnaissance,5095,2,0,2,3281,3283,0,0,0
Reconnaissance,2026,0.03,fusion_ae_plain_latent,state=FIN,Reconnaissance,5095,96,188,-92,1671,1579,0,0,0
Reconnaissance,2026,0.03,selective_fusion,state=FIN,Reconnaissance,5095,46,0,46,1533,1579,0,0,0
Reconnaissance,2026,0.05,fusion_ae_plain_latent,state=FIN,Reconnaissance,5095,47,162,-115,791,676,0,0,0
Reconnaissance,2026,0.05,selective_fusion,state=FIN,Reconnaissance,5095,3,0,3,673,676,0,0,0
Reconnaissance,2026,0.01,fusion_ae_plain_latent,state=FIN,benign,5603,0,0,0,0,0,77,72,5
Reconnaissance,2026,0.01,selective_fusion,state=FIN,benign,5603,0,0,0,0,0,74,72,2
Reconnaissance,2026,0.03,fusion_ae_plain_latent,state=FIN,benign,5603,0,0,0,0,0,213,223,-10
Reconnaissance,2026,0.03,selective_fusion,state=FIN,benign,5603,0,0,0,0,0,226,223,3
Reconnaissance,2026,0.05,fusion_ae_plain_latent,state=FIN,benign,5603,0,0,0,0,0,312,319,-7
Reconnaissance,2026,0.05,selective_fusion,state=FIN,benign,5603,0,0,0,0,0,319,319,0
DoS,42,0.01,fusion_ae_plain_latent,proto=tcp,Reconnaissance,777,1,4,-3,12,9,0,0,0
DoS,42,0.01,selective_fusion,proto=tcp,Reconnaissance,777,0,0,0,9,9,0,0,0
DoS,42,0.03,fusion_ae_plain_latent,proto=tcp,Reconnaissance,777,0,0,0,5,5,0,0,0
DoS,42,0.03,selective_fusion,proto=tcp,Reconnaissance,777,0,0,0,5,5,0,0,0
DoS,42,0.05,fusion_ae_plain_latent,proto=tcp,Reconnaissance,777,1,0,1,3,4,0,0,0
DoS,42,0.05,selective_fusion,proto=tcp,Reconnaissance,777,1,0,1,3,4,0,0,0
DoS,42,0.01,fusion_ae_plain_latent,proto=tcp,benign,5867,0,0,0,0,0,73,70,3
DoS,42,0.01,selective_fusion,proto=tcp,benign,5867,0,0,0,0,0,70,70,0
DoS,42,0.03,fusion_ae_plain_latent,proto=tcp,benign,5867,0,0,0,0,0,184,183,1
DoS,42,0.03,selective_fusion,proto=tcp,benign,5867,0,0,0,0,0,184,183,1
DoS,42,0.05,fusion_ae_plain_latent,proto=tcp,benign,5867,0,0,0,0,0,301,304,-3
DoS,42,0.05,selective_fusion,proto=tcp,benign,5867,0,0,0,0,0,310,304,6
DoS,42,0.01,fusion_ae_plain_latent,proto=udp,Reconnaissance,780,1,0,1,4,5,0,0,0
DoS,42,0.01,selective_fusion,proto=udp,Reconnaissance,780,0,0,0,5,5,0,0,0
DoS,42,0.03,fusion_ae_plain_latent,proto=udp,Reconnaissance,780,0,0,0,1,1,0,0,0
DoS,42,0.03,selective_fusion,proto=udp,Reconnaissance,780,0,0,0,1,1,0,0,0
DoS,42,0.05,fusion_ae_plain_latent,proto=udp,Reconnaissance,780,0,0,0,0,0,0,0,0
DoS,42,0.05,selective_fusion,proto=udp,Reconnaissance,780,0,0,0,0,0,0,0,0
DoS,42,0.01,fusion_ae_plain_latent,proto=udp,benign,2098,0,0,0,0,0,13,12,1
DoS,42,0.01,selective_fusion,proto=udp,benign,2098,0,0,0,0,0,12,12,0
DoS,42,0.03,fusion_ae_plain_latent,proto=udp,benign,2098,0,0,0,0,0,55,54,1
DoS,42,0.03,selective_fusion,proto=udp,benign,2098,0,0,0,0,0,54,54,0
DoS,42,0.05,fusion_ae_plain_latent,proto=udp,benign,2098,0,0,0,0,0,122,117,5
DoS,42,0.05,selective_fusion,proto=udp,benign,2098,0,0,0,0,0,117,117,0
DoS,42,0.01,fusion_ae_plain_latent,service=-,Reconnaissance,3067,64,4,60,86,146,0,0,0
DoS,42,0.01,selective_fusion,service=-,Reconnaissance,3067,0,0,0,146,146,0,0,0
DoS,42,0.03,fusion_ae_plain_latent,service=-,Reconnaissance,3067,5,0,5,37,42,0,0,0
DoS,42,0.03,selective_fusion,service=-,Reconnaissance,3067,0,0,0,42,42,0,0,0
DoS,42,0.05,fusion_ae_plain_latent,service=-,Reconnaissance,3067,4,0,4,22,26,0,0,0
DoS,42,0.05,selective_fusion,service=-,Reconnaissance,3067,0,0,0,26,26,0,0,0
DoS,42,0.01,fusion_ae_plain_latent,service=-,benign,5316,0,0,0,0,0,57,59,-2
DoS,42,0.01,selective_fusion,service=-,benign,5316,0,0,0,0,0,59,59,0
DoS,42,0.03,fusion_ae_plain_latent,service=-,benign,5316,0,0,0,0,0,183,188,-5
DoS,42,0.03,selective_fusion,service=-,benign,5316,0,0,0,0,0,189,188,1
DoS,42,0.05,fusion_ae_plain_latent,service=-,benign,5316,0,0,0,0,0,339,350,-11
DoS,42,0.05,selective_fusion,service=-,benign,5316,0,0,0,0,0,352,350,2
DoS,42,0.01,fusion_ae_plain_latent,service=http,Reconnaissance,250,1,0,1,3,4,0,0,0
DoS,42,0.01,selective_fusion,service=http,Reconnaissance,250,0,0,0,4,4,0,0,0
DoS,42,0.03,fusion_ae_plain_latent,service=http,Reconnaissance,250,0,0,0,3,3,0,0,0
DoS,42,0.03,selective_fusion,service=http,Reconnaissance,250,0,0,0,3,3,0,0,0
DoS,42,0.05,fusion_ae_plain_latent,service=http,Reconnaissance,250,1,0,1,2,3,0,0,0
DoS,42,0.05,selective_fusion,service=http,Reconnaissance,250,1,0,1,2,3,0,0,0
DoS,42,0.01,fusion_ae_plain_latent,service=http,benign,794,0,0,0,0,0,25,18,7
DoS,42,0.01,selective_fusion,service=http,benign,794,0,0,0,0,0,18,18,0
DoS,42,0.03,fusion_ae_plain_latent,service=http,benign,794,0,0,0,0,0,45,36,9
DoS,42,0.03,selective_fusion,service=http,benign,794,0,0,0,0,0,36,36,0
DoS,42,0.05,fusion_ae_plain_latent,service=http,benign,794,0,0,0,0,0,65,51,14
DoS,42,0.05,selective_fusion,service=http,benign,794,0,0,0,0,0,55,51,4
DoS,42,0.01,fusion_ae_plain_latent,state=FIN,Reconnaissance,774,1,4,-3,12,9,0,0,0
DoS,42,0.01,selective_fusion,state=FIN,Reconnaissance,774,0,0,0,9,9,0,0,0
DoS,42,0.03,fusion_ae_plain_latent,state=FIN,Reconnaissance,774,0,0,0,5,5,0,0,0
DoS,42,0.03,selective_fusion,state=FIN,Reconnaissance,774,0,0,0,5,5,0,0,0
DoS,42,0.05,fusion_ae_plain_latent,state=FIN,Reconnaissance,774,1,0,1,3,4,0,0,0
DoS,42,0.05,selective_fusion,state=FIN,Reconnaissance,774,1,0,1,3,4,0,0,0
DoS,42,0.01,fusion_ae_plain_latent,state=FIN,benign,5580,0,0,0,0,0,73,70,3
DoS,42,0.01,selective_fusion,state=FIN,benign,5580,0,0,0,0,0,70,70,0
DoS,42,0.03,fusion_ae_plain_latent,state=FIN,benign,5580,0,0,0,0,0,184,183,1
DoS,42,0.03,selective_fusion,state=FIN,benign,5580,0,0,0,0,0,184,183,1
DoS,42,0.05,fusion_ae_plain_latent,state=FIN,benign,5580,0,0,0,0,0,301,304,-3
DoS,42,0.05,selective_fusion,state=FIN,benign,5580,0,0,0,0,0,310,304,6
DoS,123,0.01,fusion_ae_plain_latent,proto=tcp,Reconnaissance,776,0,130,-130,140,10,0,0,0
DoS,123,0.01,selective_fusion,proto=tcp,Reconnaissance,776,0,0,0,10,10,0,0,0
DoS,123,0.03,fusion_ae_plain_latent,proto=tcp,Reconnaissance,776,0,1,-1,4,3,0,0,0
DoS,123,0.03,selective_fusion,proto=tcp,Reconnaissance,776,0,0,0,3,3,0,0,0
DoS,123,0.05,fusion_ae_plain_latent,proto=tcp,Reconnaissance,776,1,1,0,2,2,0,0,0
DoS,123,0.05,selective_fusion,proto=tcp,Reconnaissance,776,0,0,0,2,2,0,0,0
DoS,123,0.01,fusion_ae_plain_latent,proto=tcp,benign,5893,0,0,0,0,0,41,63,-22
DoS,123,0.01,selective_fusion,proto=tcp,benign,5893,0,0,0,0,0,63,63,0
DoS,123,0.03,fusion_ae_plain_latent,proto=tcp,benign,5893,0,0,0,0,0,162,157,5
DoS,123,0.03,selective_fusion,proto=tcp,benign,5893,0,0,0,0,0,158,157,1
DoS,123,0.05,fusion_ae_plain_latent,proto=tcp,benign,5893,0,0,0,0,0,268,260,8
DoS,123,0.05,selective_fusion,proto=tcp,benign,5893,0,0,0,0,0,265,260,5
DoS,123,0.01,fusion_ae_plain_latent,proto=udp,Reconnaissance,598,0,17,-17,20,3,0,0,0
DoS,123,0.01,selective_fusion,proto=udp,Reconnaissance,598,0,0,0,3,3,0,0,0
DoS,123,0.03,fusion_ae_plain_latent,proto=udp,Reconnaissance,598,0,0,0,0,0,0,0,0
DoS,123,0.03,selective_fusion,proto=udp,Reconnaissance,598,0,0,0,0,0,0,0,0
DoS,123,0.05,fusion_ae_plain_latent,proto=udp,Reconnaissance,598,0,0,0,0,0,0,0,0
DoS,123,0.05,selective_fusion,proto=udp,Reconnaissance,598,0,0,0,0,0,0,0,0
DoS,123,0.01,fusion_ae_plain_latent,proto=udp,benign,2111,0,0,0,0,0,13,15,-2
DoS,123,0.01,selective_fusion,proto=udp,benign,2111,0,0,0,0,0,15,15,0
DoS,123,0.03,fusion_ae_plain_latent,proto=udp,benign,2111,0,0,0,0,0,48,48,0
DoS,123,0.03,selective_fusion,proto=udp,benign,2111,0,0,0,0,0,48,48,0
DoS,123,0.05,fusion_ae_plain_latent,proto=udp,benign,2111,0,0,0,0,0,102,106,-4
DoS,123,0.05,selective_fusion,proto=udp,benign,2111,0,0,0,0,0,106,106,0
DoS,123,0.01,fusion_ae_plain_latent,service=-,Reconnaissance,2887,9,231,-222,428,206,0,0,0
DoS,123,0.01,selective_fusion,service=-,Reconnaissance,2887,0,0,0,206,206,0,0,0
DoS,123,0.03,fusion_ae_plain_latent,service=-,Reconnaissance,2887,5,1,4,51,55,0,0,0
DoS,123,0.03,selective_fusion,service=-,Reconnaissance,2887,0,0,0,55,55,0,0,0
DoS,123,0.05,fusion_ae_plain_latent,service=-,Reconnaissance,2887,1,1,0,39,39,0,0,0
DoS,123,0.05,selective_fusion,service=-,Reconnaissance,2887,0,0,0,39,39,0,0,0
DoS,123,0.01,fusion_ae_plain_latent,service=-,benign,5372,0,0,0,0,0,28,51,-23
DoS,123,0.01,selective_fusion,service=-,benign,5372,0,0,0,0,0,51,51,0
DoS,123,0.03,fusion_ae_plain_latent,service=-,benign,5372,0,0,0,0,0,144,148,-4
DoS,123,0.03,selective_fusion,service=-,benign,5372,0,0,0,0,0,149,148,1
DoS,123,0.05,fusion_ae_plain_latent,service=-,benign,5372,0,0,0,0,0,283,291,-8
DoS,123,0.05,selective_fusion,service=-,benign,5372,0,0,0,0,0,293,291,2
DoS,123,0.01,fusion_ae_plain_latent,service=http,Reconnaissance,241,0,3,-3,8,5,0,0,0
DoS,123,0.01,selective_fusion,service=http,Reconnaissance,241,0,0,0,5,5,0,0,0
DoS,123,0.03,fusion_ae_plain_latent,service=http,Reconnaissance,241,0,0,0,0,0,0,0,0
DoS,123,0.03,selective_fusion,service=http,Reconnaissance,241,0,0,0,0,0,0,0,0
DoS,123,0.05,fusion_ae_plain_latent,service=http,Reconnaissance,241,0,0,0,0,0,0,0,0
DoS,123,0.05,selective_fusion,service=http,Reconnaissance,241,0,0,0,0,0,0,0,0
DoS,123,0.01,fusion_ae_plain_latent,service=http,benign,789,0,0,0,0,0,19,18,1
DoS,123,0.01,selective_fusion,service=http,benign,789,0,0,0,0,0,18,18,0
DoS,123,0.03,fusion_ae_plain_latent,service=http,benign,789,0,0,0,0,0,51,40,11
DoS,123,0.03,selective_fusion,service=http,benign,789,0,0,0,0,0,40,40,0
DoS,123,0.05,fusion_ae_plain_latent,service=http,benign,789,0,0,0,0,0,60,49,11
DoS,123,0.05,selective_fusion,service=http,benign,789,0,0,0,0,0,52,49,3
DoS,123,0.01,fusion_ae_plain_latent,state=FIN,Reconnaissance,774,0,130,-130,140,10,0,0,0
DoS,123,0.01,selective_fusion,state=FIN,Reconnaissance,774,0,0,0,10,10,0,0,0
DoS,123,0.03,fusion_ae_plain_latent,state=FIN,Reconnaissance,774,0,1,-1,4,3,0,0,0
DoS,123,0.03,selective_fusion,state=FIN,Reconnaissance,774,0,0,0,3,3,0,0,0
DoS,123,0.05,fusion_ae_plain_latent,state=FIN,Reconnaissance,774,1,1,0,2,2,0,0,0
DoS,123,0.05,selective_fusion,state=FIN,Reconnaissance,774,0,0,0,2,2,0,0,0
DoS,123,0.01,fusion_ae_plain_latent,state=FIN,benign,5572,0,0,0,0,0,40,62,-22
DoS,123,0.01,selective_fusion,state=FIN,benign,5572,0,0,0,0,0,62,62,0
DoS,123,0.03,fusion_ae_plain_latent,state=FIN,benign,5572,0,0,0,0,0,160,156,4
DoS,123,0.03,selective_fusion,state=FIN,benign,5572,0,0,0,0,0,156,156,0
DoS,123,0.05,fusion_ae_plain_latent,state=FIN,benign,5572,0,0,0,0,0,265,259,6
DoS,123,0.05,selective_fusion,state=FIN,benign,5572,0,0,0,0,0,262,259,3
DoS,2026,0.01,fusion_ae_plain_latent,proto=tcp,Reconnaissance,794,4,2,2,8,10,0,0,0
DoS,2026,0.01,selective_fusion,proto=tcp,Reconnaissance,794,0,0,0,10,10,0,0,0
DoS,2026,0.03,fusion_ae_plain_latent,proto=tcp,Reconnaissance,794,0,1,-1,3,2,0,0,0
DoS,2026,0.03,selective_fusion,proto=tcp,Reconnaissance,794,0,0,0,2,2,0,0,0
DoS,2026,0.05,fusion_ae_plain_latent,proto=tcp,Reconnaissance,794,0,0,0,2,2,0,0,0
DoS,2026,0.05,selective_fusion,proto=tcp,Reconnaissance,794,0,0,0,2,2,0,0,0
DoS,2026,0.01,fusion_ae_plain_latent,proto=tcp,benign,5912,0,0,0,0,0,106,116,-10
DoS,2026,0.01,selective_fusion,proto=tcp,benign,5912,0,0,0,0,0,116,116,0
DoS,2026,0.03,fusion_ae_plain_latent,proto=tcp,benign,5912,0,0,0,0,0,240,230,10
DoS,2026,0.03,selective_fusion,proto=tcp,benign,5912,0,0,0,0,0,230,230,0
DoS,2026,0.05,fusion_ae_plain_latent,proto=tcp,benign,5912,0,0,0,0,0,343,353,-10
DoS,2026,0.05,selective_fusion,proto=tcp,benign,5912,0,0,0,0,0,354,353,1
DoS,2026,0.01,fusion_ae_plain_latent,proto=udp,Reconnaissance,394,0,0,0,2,2,0,0,0
DoS,2026,0.01,selective_fusion,proto=udp,Reconnaissance,394,0,0,0,2,2,0,0,0
DoS,2026,0.03,fusion_ae_plain_latent,proto=udp,Reconnaissance,394,0,0,0,0,0,0,0,0
DoS,2026,0.03,selective_fusion,proto=udp,Reconnaissance,394,0,0,0,0,0,0,0,0
DoS,2026,0.05,fusion_ae_plain_latent,proto=udp,Reconnaissance,394,0,0,0,0,0,0,0,0
DoS,2026,0.05,selective_fusion,proto=udp,Reconnaissance,394,0,0,0,0,0,0,0,0
DoS,2026,0.01,fusion_ae_plain_latent,proto=udp,benign,2024,0,0,0,0,0,27,21,6
DoS,2026,0.01,selective_fusion,proto=udp,benign,2024,0,0,0,0,0,21,21,0
DoS,2026,0.03,fusion_ae_plain_latent,proto=udp,benign,2024,0,0,0,0,0,59,56,3
DoS,2026,0.03,selective_fusion,proto=udp,benign,2024,0,0,0,0,0,56,56,0
DoS,2026,0.05,fusion_ae_plain_latent,proto=udp,benign,2024,0,0,0,0,0,105,104,1
DoS,2026,0.05,selective_fusion,proto=udp,benign,2024,0,0,0,0,0,104,104,0
DoS,2026,0.01,fusion_ae_plain_latent,service=-,Reconnaissance,2698,13,2,11,69,80,0,0,0
DoS,2026,0.01,selective_fusion,service=-,Reconnaissance,2698,0,0,0,80,80,0,0,0
DoS,2026,0.03,fusion_ae_plain_latent,service=-,Reconnaissance,2698,0,1,-1,41,40,0,0,0
DoS,2026,0.03,selective_fusion,service=-,Reconnaissance,2698,0,0,0,40,40,0,0,0
DoS,2026,0.05,fusion_ae_plain_latent,service=-,Reconnaissance,2698,2,0,2,32,34,0,0,0
DoS,2026,0.05,selective_fusion,service=-,Reconnaissance,2698,0,0,0,34,34,0,0,0
DoS,2026,0.01,fusion_ae_plain_latent,service=-,benign,5537,0,0,0,0,0,88,100,-12
DoS,2026,0.01,selective_fusion,service=-,benign,5537,0,0,0,0,0,100,100,0
DoS,2026,0.03,fusion_ae_plain_latent,service=-,benign,5537,0,0,0,0,0,223,224,-1
DoS,2026,0.03,selective_fusion,service=-,benign,5537,0,0,0,0,0,224,224,0
DoS,2026,0.05,fusion_ae_plain_latent,service=-,benign,5537,0,0,0,0,0,351,366,-15
DoS,2026,0.05,selective_fusion,service=-,benign,5537,0,0,0,0,0,366,366,0
DoS,2026,0.01,fusion_ae_plain_latent,service=http,Reconnaissance,244,3,0,3,1,4,0,0,0
DoS,2026,0.01,selective_fusion,service=http,Reconnaissance,244,0,0,0,4,4,0,0,0
DoS,2026,0.03,fusion_ae_plain_latent,service=http,Reconnaissance,244,0,0,0,1,1,0,0,0
DoS,2026,0.03,selective_fusion,service=http,Reconnaissance,244,0,0,0,1,1,0,0,0
DoS,2026,0.05,fusion_ae_plain_latent,service=http,Reconnaissance,244,0,0,0,1,1,0,0,0
DoS,2026,0.05,selective_fusion,service=http,Reconnaissance,244,0,0,0,1,1,0,0,0
DoS,2026,0.01,fusion_ae_plain_latent,service=http,benign,784,0,0,0,0,0,34,25,9
DoS,2026,0.01,selective_fusion,service=http,benign,784,0,0,0,0,0,25,25,0
DoS,2026,0.03,fusion_ae_plain_latent,service=http,benign,784,0,0,0,0,0,57,44,13
DoS,2026,0.03,selective_fusion,service=http,benign,784,0,0,0,0,0,44,44,0
DoS,2026,0.05,fusion_ae_plain_latent,service=http,benign,784,0,0,0,0,0,69,63,6
DoS,2026,0.05,selective_fusion,service=http,benign,784,0,0,0,0,0,64,63,1
DoS,2026,0.01,fusion_ae_plain_latent,state=FIN,Reconnaissance,791,4,2,2,8,10,0,0,0
DoS,2026,0.01,selective_fusion,state=FIN,Reconnaissance,791,0,0,0,10,10,0,0,0
DoS,2026,0.03,fusion_ae_plain_latent,state=FIN,Reconnaissance,791,0,1,-1,3,2,0,0,0
DoS,2026,0.03,selective_fusion,state=FIN,Reconnaissance,791,0,0,0,2,2,0,0,0
DoS,2026,0.05,fusion_ae_plain_latent,state=FIN,Reconnaissance,791,0,0,0,2,2,0,0,0
DoS,2026,0.05,selective_fusion,state=FIN,Reconnaissance,791,0,0,0,2,2,0,0,0
DoS,2026,0.01,fusion_ae_plain_latent,state=FIN,benign,5603,0,0,0,0,0,106,116,-10
DoS,2026,0.01,selective_fusion,state=FIN,benign,5603,0,0,0,0,0,116,116,0
DoS,2026,0.03,fusion_ae_plain_latent,state=FIN,benign,5603,0,0,0,0,0,240,230,10
DoS,2026,0.03,selective_fusion,state=FIN,benign,5603,0,0,0,0,0,230,230,0
DoS,2026,0.05,fusion_ae_plain_latent,state=FIN,benign,5603,0,0,0,0,0,343,353,-10
DoS,2026,0.05,selective_fusion,state=FIN,benign,5603,0,0,0,0,0,354,353,1
none,42,0.01,fusion_ae_plain_latent,proto=tcp,Reconnaissance,733,0,0,0,14,14,0,0,0
none,42,0.01,selective_fusion,proto=tcp,Reconnaissance,733,0,0,0,14,14,0,0,0
none,42,0.03,fusion_ae_plain_latent,proto=tcp,Reconnaissance,733,0,1,-1,8,7,0,0,0
none,42,0.03,selective_fusion,proto=tcp,Reconnaissance,733,0,0,0,7,7,0,0,0
none,42,0.05,fusion_ae_plain_latent,proto=tcp,Reconnaissance,733,0,0,0,5,5,0,0,0
none,42,0.05,selective_fusion,proto=tcp,Reconnaissance,733,0,0,0,5,5,0,0,0
none,42,0.01,fusion_ae_plain_latent,proto=tcp,benign,5867,0,0,0,0,0,67,67,0
none,42,0.01,selective_fusion,proto=tcp,benign,5867,0,0,0,0,0,67,67,0
none,42,0.03,fusion_ae_plain_latent,proto=tcp,benign,5867,0,0,0,0,0,174,174,0
none,42,0.03,selective_fusion,proto=tcp,benign,5867,0,0,0,0,0,174,174,0
none,42,0.05,fusion_ae_plain_latent,proto=tcp,benign,5867,0,0,0,0,0,306,299,7
none,42,0.05,selective_fusion,proto=tcp,benign,5867,0,0,0,0,0,299,299,0
none,42,0.01,fusion_ae_plain_latent,proto=udp,Reconnaissance,461,0,1,-1,4,3,0,0,0
none,42,0.01,selective_fusion,proto=udp,Reconnaissance,461,0,0,0,3,3,0,0,0
none,42,0.03,fusion_ae_plain_latent,proto=udp,Reconnaissance,461,0,0,0,1,1,0,0,0
none,42,0.03,selective_fusion,proto=udp,Reconnaissance,461,0,0,0,1,1,0,0,0
none,42,0.05,fusion_ae_plain_latent,proto=udp,Reconnaissance,461,0,0,0,1,1,0,0,0
none,42,0.05,selective_fusion,proto=udp,Reconnaissance,461,0,0,0,1,1,0,0,0
none,42,0.01,fusion_ae_plain_latent,proto=udp,benign,2111,0,0,0,0,0,12,12,0
none,42,0.01,selective_fusion,proto=udp,benign,2111,0,0,0,0,0,12,12,0
none,42,0.03,fusion_ae_plain_latent,proto=udp,benign,2111,0,0,0,0,0,51,51,0
none,42,0.03,selective_fusion,proto=udp,benign,2111,0,0,0,0,0,51,51,0
none,42,0.05,fusion_ae_plain_latent,proto=udp,benign,2111,0,0,0,0,0,116,105,11
none,42,0.05,selective_fusion,proto=udp,benign,2111,0,0,0,0,0,105,105,0
none,42,0.01,fusion_ae_plain_latent,service=-,Reconnaissance,1226,2,1,1,15,16,0,0,0
none,42,0.01,selective_fusion,service=-,Reconnaissance,1226,0,0,0,16,16,0,0,0
none,42,0.03,fusion_ae_plain_latent,service=-,Reconnaissance,1226,0,1,-1,6,5,0,0,0
none,42,0.03,selective_fusion,service=-,Reconnaissance,1226,0,0,0,5,5,0,0,0
none,42,0.05,fusion_ae_plain_latent,service=-,Reconnaissance,1226,0,0,0,3,3,0,0,0
none,42,0.05,selective_fusion,service=-,Reconnaissance,1226,0,0,0,3,3,0,0,0
none,42,0.01,fusion_ae_plain_latent,service=-,benign,5330,0,0,0,0,0,48,52,-4
none,42,0.01,selective_fusion,service=-,benign,5330,0,0,0,0,0,52,52,0
none,42,0.03,fusion_ae_plain_latent,service=-,benign,5330,0,0,0,0,0,168,173,-5
none,42,0.03,selective_fusion,service=-,benign,5330,0,0,0,0,0,173,173,0
none,42,0.05,fusion_ae_plain_latent,service=-,benign,5330,0,0,0,0,0,340,325,15
none,42,0.05,selective_fusion,service=-,benign,5330,0,0,0,0,0,325,325,0
none,42,0.01,fusion_ae_plain_latent,service=http,Reconnaissance,221,0,0,0,3,3,0,0,0
none,42,0.01,selective_fusion,service=http,Reconnaissance,221,0,0,0,3,3,0,0,0
none,42,0.03,fusion_ae_plain_latent,service=http,Reconnaissance,221,0,0,0,3,3,0,0,0
none,42,0.03,selective_fusion,service=http,Reconnaissance,221,0,0,0,3,3,0,0,0
none,42,0.05,fusion_ae_plain_latent,service=http,Reconnaissance,221,0,0,0,3,3,0,0,0
none,42,0.05,selective_fusion,service=http,Reconnaissance,221,0,0,0,3,3,0,0,0
none,42,0.01,fusion_ae_plain_latent,service=http,benign,794,0,0,0,0,0,27,23,4
none,42,0.01,selective_fusion,service=http,benign,794,0,0,0,0,0,23,23,0
none,42,0.03,fusion_ae_plain_latent,service=http,benign,794,0,0,0,0,0,46,42,4
none,42,0.03,selective_fusion,service=http,benign,794,0,0,0,0,0,42,42,0
none,42,0.05,fusion_ae_plain_latent,service=http,benign,794,0,0,0,0,0,64,61,3
none,42,0.05,selective_fusion,service=http,benign,794,0,0,0,0,0,61,61,0
none,42,0.01,fusion_ae_plain_latent,state=FIN,Reconnaissance,733,0,0,0,14,14,0,0,0
none,42,0.01,selective_fusion,state=FIN,Reconnaissance,733,0,0,0,14,14,0,0,0
none,42,0.03,fusion_ae_plain_latent,state=FIN,Reconnaissance,733,0,1,-1,8,7,0,0,0
none,42,0.03,selective_fusion,state=FIN,Reconnaissance,733,0,0,0,7,7,0,0,0
none,42,0.05,fusion_ae_plain_latent,state=FIN,Reconnaissance,733,0,0,0,5,5,0,0,0
none,42,0.05,selective_fusion,state=FIN,Reconnaissance,733,0,0,0,5,5,0,0,0
none,42,0.01,fusion_ae_plain_latent,state=FIN,benign,5580,0,0,0,0,0,67,67,0
none,42,0.01,selective_fusion,state=FIN,benign,5580,0,0,0,0,0,67,67,0
none,42,0.03,fusion_ae_plain_latent,state=FIN,benign,5580,0,0,0,0,0,174,174,0
none,42,0.03,selective_fusion,state=FIN,benign,5580,0,0,0,0,0,174,174,0
none,42,0.05,fusion_ae_plain_latent,state=FIN,benign,5580,0,0,0,0,0,306,299,7
none,42,0.05,selective_fusion,state=FIN,benign,5580,0,0,0,0,0,299,299,0
none,123,0.01,fusion_ae_plain_latent,proto=tcp,Reconnaissance,739,1,8,-7,24,17,0,0,0
none,123,0.01,selective_fusion,proto=tcp,Reconnaissance,739,0,0,0,17,17,0,0,0
none,123,0.03,fusion_ae_plain_latent,proto=tcp,Reconnaissance,739,0,1,-1,9,8,0,0,0
none,123,0.03,selective_fusion,proto=tcp,Reconnaissance,739,0,0,0,8,8,0,0,0
none,123,0.05,fusion_ae_plain_latent,proto=tcp,Reconnaissance,739,0,0,0,5,5,0,0,0
none,123,0.05,selective_fusion,proto=tcp,Reconnaissance,739,0,0,0,5,5,0,0,0
none,123,0.01,fusion_ae_plain_latent,proto=tcp,benign,5892,0,0,0,0,0,68,67,1
none,123,0.01,selective_fusion,proto=tcp,benign,5892,0,0,0,0,0,67,67,0
none,123,0.03,fusion_ae_plain_latent,proto=tcp,benign,5892,0,0,0,0,0,164,171,-7
none,123,0.03,selective_fusion,proto=tcp,benign,5892,0,0,0,0,0,171,171,0
none,123,0.05,fusion_ae_plain_latent,proto=tcp,benign,5892,0,0,0,0,0,277,287,-10
none,123,0.05,selective_fusion,proto=tcp,benign,5892,0,0,0,0,0,287,287,0
none,123,0.01,fusion_ae_plain_latent,proto=udp,Reconnaissance,912,0,0,0,2,2,0,0,0
none,123,0.01,selective_fusion,proto=udp,Reconnaissance,912,0,0,0,2,2,0,0,0
none,123,0.03,fusion_ae_plain_latent,proto=udp,Reconnaissance,912,0,0,0,0,0,0,0,0
none,123,0.03,selective_fusion,proto=udp,Reconnaissance,912,0,0,0,0,0,0,0,0
none,123,0.05,fusion_ae_plain_latent,proto=udp,Reconnaissance,912,0,0,0,0,0,0,0,0
none,123,0.05,selective_fusion,proto=udp,Reconnaissance,912,0,0,0,0,0,0,0,0
none,123,0.01,fusion_ae_plain_latent,proto=udp,benign,2124,0,0,0,0,0,27,25,2
none,123,0.01,selective_fusion,proto=udp,benign,2124,0,0,0,0,0,25,25,0
none,123,0.03,fusion_ae_plain_latent,proto=udp,benign,2124,0,0,0,0,0,74,74,0
none,123,0.03,selective_fusion,proto=udp,benign,2124,0,0,0,0,0,74,74,0
none,123,0.05,fusion_ae_plain_latent,proto=udp,benign,2124,0,0,0,0,0,154,150,4
none,123,0.05,selective_fusion,proto=udp,benign,2124,0,0,0,0,0,150,150,0
none,123,0.01,fusion_ae_plain_latent,service=-,Reconnaissance,1665,0,8,-8,19,11,0,0,0
none,123,0.01,selective_fusion,service=-,Reconnaissance,1665,0,0,0,11,11,0,0,0
none,123,0.03,fusion_ae_plain_latent,service=-,Reconnaissance,1665,0,1,-1,5,4,0,0,0
none,123,0.03,selective_fusion,service=-,Reconnaissance,1665,0,0,0,4,4,0,0,0
none,123,0.05,fusion_ae_plain_latent,service=-,Reconnaissance,1665,0,0,0,2,2,0,0,0
none,123,0.05,selective_fusion,service=-,Reconnaissance,1665,0,0,0,2,2,0,0,0
none,123,0.01,fusion_ae_plain_latent,service=-,benign,5384,0,0,0,0,0,59,65,-6
none,123,0.01,selective_fusion,service=-,benign,5384,0,0,0,0,0,65,65,0
none,123,0.03,fusion_ae_plain_latent,service=-,benign,5384,0,0,0,0,0,180,195,-15
none,123,0.03,selective_fusion,service=-,benign,5384,0,0,0,0,0,195,195,0
none,123,0.05,fusion_ae_plain_latent,service=-,benign,5384,0,0,0,0,0,351,365,-14
none,123,0.05,selective_fusion,service=-,benign,5384,0,0,0,0,0,365,365,0
none,123,0.01,fusion_ae_plain_latent,service=http,Reconnaissance,249,1,0,1,7,8,0,0,0
none,123,0.01,selective_fusion,service=http,Reconnaissance,249,0,0,0,8,8,0,0,0
none,123,0.03,fusion_ae_plain_latent,service=http,Reconnaissance,249,0,0,0,4,4,0,0,0
none,123,0.03,selective_fusion,service=http,Reconnaissance,249,0,0,0,4,4,0,0,0
none,123,0.05,fusion_ae_plain_latent,service=http,Reconnaissance,249,0,0,0,3,3,0,0,0
none,123,0.05,selective_fusion,service=http,Reconnaissance,249,0,0,0,3,3,0,0,0
none,123,0.01,fusion_ae_plain_latent,service=http,benign,789,0,0,0,0,0,25,19,6
none,123,0.01,selective_fusion,service=http,benign,789,0,0,0,0,0,19,19,0
none,123,0.03,fusion_ae_plain_latent,service=http,benign,789,0,0,0,0,0,42,33,9
none,123,0.03,selective_fusion,service=http,benign,789,0,0,0,0,0,33,33,0
none,123,0.05,fusion_ae_plain_latent,service=http,benign,789,0,0,0,0,0,58,51,7
none,123,0.05,selective_fusion,service=http,benign,789,0,0,0,0,0,51,51,0
none,123,0.01,fusion_ae_plain_latent,state=FIN,Reconnaissance,737,1,8,-7,24,17,0,0,0
none,123,0.01,selective_fusion,state=FIN,Reconnaissance,737,0,0,0,17,17,0,0,0
none,123,0.03,fusion_ae_plain_latent,state=FIN,Reconnaissance,737,0,1,-1,9,8,0,0,0
none,123,0.03,selective_fusion,state=FIN,Reconnaissance,737,0,0,0,8,8,0,0,0
none,123,0.05,fusion_ae_plain_latent,state=FIN,Reconnaissance,737,0,0,0,5,5,0,0,0
none,123,0.05,selective_fusion,state=FIN,Reconnaissance,737,0,0,0,5,5,0,0,0
none,123,0.01,fusion_ae_plain_latent,state=FIN,benign,5571,0,0,0,0,0,67,66,1
none,123,0.01,selective_fusion,state=FIN,benign,5571,0,0,0,0,0,66,66,0
none,123,0.03,fusion_ae_plain_latent,state=FIN,benign,5571,0,0,0,0,0,161,170,-9
none,123,0.03,selective_fusion,state=FIN,benign,5571,0,0,0,0,0,170,170,0
none,123,0.05,fusion_ae_plain_latent,state=FIN,benign,5571,0,0,0,0,0,273,286,-13
none,123,0.05,selective_fusion,state=FIN,benign,5571,0,0,0,0,0,286,286,0
none,2026,0.01,fusion_ae_plain_latent,proto=tcp,Reconnaissance,770,0,2,-2,14,12,0,0,0
none,2026,0.01,selective_fusion,proto=tcp,Reconnaissance,770,0,0,0,12,12,0,0,0
none,2026,0.03,fusion_ae_plain_latent,proto=tcp,Reconnaissance,770,0,0,0,4,4,0,0,0
none,2026,0.03,selective_fusion,proto=tcp,Reconnaissance,770,0,0,0,4,4,0,0,0
none,2026,0.05,fusion_ae_plain_latent,proto=tcp,Reconnaissance,770,0,0,0,2,2,0,0,0
none,2026,0.05,selective_fusion,proto=tcp,Reconnaissance,770,0,0,0,2,2,0,0,0
none,2026,0.01,fusion_ae_plain_latent,proto=tcp,benign,5911,0,0,0,0,0,82,89,-7
none,2026,0.01,selective_fusion,proto=tcp,benign,5911,0,0,0,0,0,94,89,5
none,2026,0.03,fusion_ae_plain_latent,proto=tcp,benign,5911,0,0,0,0,0,219,241,-22
none,2026,0.03,selective_fusion,proto=tcp,benign,5911,0,0,0,0,0,241,241,0
none,2026,0.05,fusion_ae_plain_latent,proto=tcp,benign,5911,0,0,0,0,0,331,344,-13
none,2026,0.05,selective_fusion,proto=tcp,benign,5911,0,0,0,0,0,347,344,3
none,2026,0.01,fusion_ae_plain_latent,proto=udp,Reconnaissance,773,0,0,0,2,2,0,0,0
none,2026,0.01,selective_fusion,proto=udp,Reconnaissance,773,0,0,0,2,2,0,0,0
none,2026,0.03,fusion_ae_plain_latent,proto=udp,Reconnaissance,773,0,0,0,0,0,0,0,0
none,2026,0.03,selective_fusion,proto=udp,Reconnaissance,773,0,0,0,0,0,0,0,0
none,2026,0.05,fusion_ae_plain_latent,proto=udp,Reconnaissance,773,0,0,0,0,0,0,0,0
none,2026,0.05,selective_fusion,proto=udp,Reconnaissance,773,0,0,0,0,0,0,0,0
none,2026,0.01,fusion_ae_plain_latent,proto=udp,benign,2017,0,0,0,0,0,16,15,1
none,2026,0.01,selective_fusion,proto=udp,benign,2017,0,0,0,0,0,16,15,1
none,2026,0.03,fusion_ae_plain_latent,proto=udp,benign,2017,0,0,0,0,0,43,45,-2
none,2026,0.03,selective_fusion,proto=udp,benign,2017,0,0,0,0,0,45,45,0
none,2026,0.05,fusion_ae_plain_latent,proto=udp,benign,2017,0,0,0,0,0,77,76,1
none,2026,0.05,selective_fusion,proto=udp,benign,2017,0,0,0,0,0,76,76,0
none,2026,0.01,fusion_ae_plain_latent,service=-,Reconnaissance,1570,0,2,-2,14,12,0,0,0
none,2026,0.01,selective_fusion,service=-,Reconnaissance,1570,0,0,0,12,12,0,0,0
none,2026,0.03,fusion_ae_plain_latent,service=-,Reconnaissance,1570,0,0,0,3,3,0,0,0
none,2026,0.03,selective_fusion,service=-,Reconnaissance,1570,0,0,0,3,3,0,0,0
none,2026,0.05,fusion_ae_plain_latent,service=-,Reconnaissance,1570,0,0,0,1,1,0,0,0
none,2026,0.05,selective_fusion,service=-,Reconnaissance,1570,0,0,0,1,1,0,0,0
none,2026,0.01,fusion_ae_plain_latent,service=-,benign,5529,0,0,0,0,0,62,75,-13
none,2026,0.01,selective_fusion,service=-,benign,5529,0,0,0,0,0,76,75,1
none,2026,0.03,fusion_ae_plain_latent,service=-,benign,5529,0,0,0,0,0,194,218,-24
none,2026,0.03,selective_fusion,service=-,benign,5529,0,0,0,0,0,218,218,0
none,2026,0.05,fusion_ae_plain_latent,service=-,benign,5529,0,0,0,0,0,315,333,-18
none,2026,0.05,selective_fusion,service=-,benign,5529,0,0,0,0,0,334,333,1
none,2026,0.01,fusion_ae_plain_latent,service=http,Reconnaissance,220,0,0,0,2,2,0,0,0
none,2026,0.01,selective_fusion,service=http,Reconnaissance,220,0,0,0,2,2,0,0,0
none,2026,0.03,fusion_ae_plain_latent,service=http,Reconnaissance,220,0,0,0,1,1,0,0,0
none,2026,0.03,selective_fusion,service=http,Reconnaissance,220,0,0,0,1,1,0,0,0
none,2026,0.05,fusion_ae_plain_latent,service=http,Reconnaissance,220,0,0,0,1,1,0,0,0
none,2026,0.05,selective_fusion,service=http,Reconnaissance,220,0,0,0,1,1,0,0,0
none,2026,0.01,fusion_ae_plain_latent,service=http,benign,784,0,0,0,0,0,31,23,8
none,2026,0.01,selective_fusion,service=http,benign,784,0,0,0,0,0,27,23,4
none,2026,0.03,fusion_ae_plain_latent,service=http,benign,784,0,0,0,0,0,54,51,3
none,2026,0.03,selective_fusion,service=http,benign,784,0,0,0,0,0,51,51,0
none,2026,0.05,fusion_ae_plain_latent,service=http,benign,784,0,0,0,0,0,69,63,6
none,2026,0.05,selective_fusion,service=http,benign,784,0,0,0,0,0,65,63,2
none,2026,0.01,fusion_ae_plain_latent,state=FIN,Reconnaissance,767,0,2,-2,13,11,0,0,0
none,2026,0.01,selective_fusion,state=FIN,Reconnaissance,767,0,0,0,11,11,0,0,0
none,2026,0.03,fusion_ae_plain_latent,state=FIN,Reconnaissance,767,0,0,0,3,3,0,0,0
none,2026,0.03,selective_fusion,state=FIN,Reconnaissance,767,0,0,0,3,3,0,0,0
none,2026,0.05,fusion_ae_plain_latent,state=FIN,Reconnaissance,767,0,0,0,1,1,0,0,0
none,2026,0.05,selective_fusion,state=FIN,Reconnaissance,767,0,0,0,1,1,0,0,0
none,2026,0.01,fusion_ae_plain_latent,state=FIN,benign,5602,0,0,0,0,0,82,89,-7
none,2026,0.01,selective_fusion,state=FIN,benign,5602,0,0,0,0,0,94,89,5
none,2026,0.03,fusion_ae_plain_latent,state=FIN,benign,5602,0,0,0,0,0,219,241,-22
none,2026,0.03,selective_fusion,state=FIN,benign,5602,0,0,0,0,0,241,241,0
none,2026,0.05,fusion_ae_plain_latent,state=FIN,benign,5602,0,0,0,0,0,331,344,-13
none,2026,0.05,selective_fusion,state=FIN,benign,5602,0,0,0,0,0,347,344,3
