scenario,seed,budget,method,tree_threshold,fusion_threshold,recovered_attacks,lost_attacks,removed_false_alarms,added_false_alarms,persistent_attack_misses,retained_attack_detections,persistent_false_alarms,retained_benign_negatives,net_attack_gain,net_added_false_alarms
Exploits,42,0.01,fusion_ae_plain_latent,0.884398675506917,0.9212093740011217,1494,329,16,22,5666,52895,52,8169,1165,6
Exploits,42,0.01,selective_fusion,0.884398675506917,0.9599455464404065,84,0,0,1,7076,53224,68,8190,84,1
Exploits,42,0.03,fusion_ae_plain_latent,0.7545684193828937,0.8173437383488653,454,94,16,20,3237,56599,191,8032,360,4
Exploits,42,0.03,selective_fusion,0.7545684193828937,0.9248087838951927,10,0,0,6,3681,56693,207,8046,10,6
Exploits,42,0.05,fusion_ae_plain_latent,0.6469192827342729,0.6757786664467935,269,77,27,25,2295,57743,355,7852,192,-2
Exploits,42,0.05,selective_fusion,0.6469192827342729,0.7995427719102518,28,0,0,8,2536,57820,382,7869,28,8
Exploits,123,0.01,fusion_ae_plain_latent,0.8910744251915685,0.933232510422766,1602,439,15,14,6638,50827,53,8238,1163,-1
Exploits,123,0.01,selective_fusion,0.8910744251915685,0.9890754880359959,9,0,0,0,8231,51266,68,8252,9,0
Exploits,123,0.03,fusion_ae_plain_latent,0.7468571247879925,0.824633512013772,626,150,24,29,3547,55183,201,8066,476,5
Exploits,123,0.03,selective_fusion,0.7468571247879925,0.9890754880359959,1,0,0,0,4172,55333,225,8095,1,0
Exploits,123,0.05,fusion_ae_plain_latent,0.6342068506016308,0.6661806606878149,465,55,26,28,2413,56573,384,7882,410,2
Exploits,123,0.05,selective_fusion,0.6342068506016308,0.8118902921848784,271,0,0,2,2607,56628,410,7908,271,2
Exploits,2026,0.01,fusion_ae_plain_latent,0.9122727080117081,0.9258005624678938,3081,489,21,21,6729,49277,47,8298,2592,0
Exploits,2026,0.01,selective_fusion,0.9122727080117081,0.9643414341872543,1587,0,0,9,8223,49766,68,8310,1587,9
Exploits,2026,0.03,fusion_ae_plain_latent,0.7572871398583407,0.8022706057741469,740,96,15,18,3455,55285,227,8127,644,3
Exploits,2026,0.03,selective_fusion,0.7572871398583407,0.8982110628059218,572,0,0,2,3623,55381,242,8143,572,2
Exploits,2026,0.05,fusion_ae_plain_latent,0.6450927234661146,0.6520466096468083,446,75,14,20,2609,56446,368,7985,371,6
Exploits,2026,0.05,selective_fusion,0.6450927234661146,0.8910264765299263,187,0,0,0,2868,56521,382,8005,187,0
Reconnaissance,42,0.01,fusion_ae_plain_latent,0.9081072221965232,0.9412676105594734,1877,201,16,20,11544,36070,49,8177,1676,4
Reconnaissance,42,0.01,selective_fusion,0.9081072221965232,0.9740871146882043,172,0,0,3,13249,36271,65,8194,172,3
Reconnaissance,42,0.03,fusion_ae_plain_latent,0.7347342975946521,0.8206133358851957,273,429,17,14,3454,45536,206,8025,-156,-3
Reconnaissance,42,0.03,selective_fusion,0.7347342975946521,0.9551987496978097,6,0,0,1,3721,45965,223,8038,6,1
Reconnaissance,42,0.05,fusion_ae_plain_latent,0.6148406432290118,0.6549529896590126,60,219,32,28,1943,47470,360,7842,-159,-4
Reconnaissance,42,0.05,selective_fusion,0.6148406432290118,0.9551987496978097,2,0,0,0,2001,47689,392,7870,2,0
Reconnaissance,123,0.01,fusion_ae_plain_latent,0.8869280093703409,0.913896506762398,1706,284,11,20,9175,38224,64,8229,1422,9
Reconnaissance,123,0.01,selective_fusion,0.8869280093703409,0.9993512029306134,1,0,0,0,10880,38508,75,8249,1,0
Reconnaissance,123,0.03,fusion_ae_plain_latent,0.7401033719800142,0.8013017654099139,236,431,34,20,3701,45021,207,8063,-195,-14
Reconnaissance,123,0.03,selective_fusion,0.7401033719800142,0.9089582026842395,8,0,0,2,3929,45452,241,8081,8,2
Reconnaissance,123,0.05,fusion_ae_plain_latent,0.6079312060336265,0.6061182573447899,95,204,26,24,1835,47255,412,7862,-109,-2
Reconnaissance,123,0.05,selective_fusion,0.6079312060336265,0.8286683441724391,1,0,0,2,1929,47459,438,7884,1,2
Reconnaissance,2026,0.01,fusion_ae_plain_latent,0.8988676296785054,0.9219851987601964,2466,342,24,29,7649,39080,68,8263,2124,5
Reconnaissance,2026,0.01,selective_fusion,0.8988676296785054,0.9677386978311745,14,0,0,3,10101,39422,92,8289,14,3
Reconnaissance,2026,0.03,fusion_ae_plain_latent,0.7218812688368907,0.7670601064345477,297,228,19,11,3534,45478,253,8101,69,-8
Reconnaissance,2026,0.03,selective_fusion,0.7218812688368907,0.8508201878205722,59,0,0,3,3772,45706,272,8109,59,3
Reconnaissance,2026,0.05,fusion_ae_plain_latent,0.5994627641307438,0.5949500179818551,125,217,29,24,2083,47112,397,7934,-92,-5
Reconnaissance,2026,0.05,selective_fusion,0.5994627641307438,0.7929521226843713,9,0,0,0,2199,47329,426,7958,9,0
DoS,42,0.01,fusion_ae_plain_latent,0.888830787140548,0.928300594171878,1261,169,14,18,3219,39982,68,8185,1092,4
DoS,42,0.01,selective_fusion,0.888830787140548,0.9962194685241126,0,0,0,0,4480,40151,82,8203,0,0
DoS,42,0.03,fusion_ae_plain_latent,0.721759714897495,0.7887411732230227,138,50,19,22,1803,42640,218,8026,88,3
DoS,42,0.03,selective_fusion,0.721759714897495,0.908731153794926,2,0,0,1,1939,42690,237,8047,2,1
DoS,42,0.05,fusion_ae_plain_latent,0.5904107638993288,0.5981949348795256,121,57,28,30,1122,43331,395,7832,64,2
DoS,42,0.05,selective_fusion,0.5904107638993288,0.7144623807971958,18,0,0,6,1225,43388,423,7856,18,6
DoS,123,0.01,fusion_ae_plain_latent,0.8902809040159053,0.9411086377514818,200,2360,30,6,5583,36205,48,8217,-2160,-24
DoS,123,0.01,selective_fusion,0.8902809040159053,0.9984062275312248,0,0,0,0,5783,38565,78,8223,0,0
DoS,123,0.03,fusion_ae_plain_latent,0.7541889065486587,0.8063308979826768,168,71,20,25,2135,41974,185,8071,97,5
DoS,123,0.03,selective_fusion,0.7541889065486587,0.9146232298660967,9,0,0,1,2294,42045,205,8095,9,1
DoS,123,0.05,fusion_ae_plain_latent,0.6346692109417843,0.649364128754017,75,60,16,20,1513,42700,350,7915,15,4
DoS,123,0.05,selective_fusion,0.6346692109417843,0.8137565199979279,6,0,0,5,1582,42760,366,7930,6,5
DoS,2026,0.01,fusion_ae_plain_latent,0.8555583088737222,0.8917420216489195,338,114,23,19,2721,40893,114,8224,224,-4
DoS,2026,0.01,selective_fusion,0.8555583088737222,0.9574762753176053,9,0,0,0,3050,41007,137,8243,9,0
DoS,2026,0.03,fusion_ae_plain_latent,0.6855149601906395,0.6957458537351594,68,54,11,24,1680,42264,275,8070,14,13
DoS,2026,0.03,selective_fusion,0.6855149601906395,0.849262202667279,5,0,0,0,1743,42318,286,8094,5,0
DoS,2026,0.05,fusion_ae_plain_latent,0.5564836130963297,0.48540076510658436,82,35,20,11,1173,42776,437,7912,47,-9
DoS,2026,0.05,selective_fusion,0.5564836130963297,0.6690316046079506,8,0,0,1,1247,42811,457,7922,8,1
none,42,0.01,fusion_ae_plain_latent,0.8630851398710006,0.9216750157443121,67,109,9,9,1981,16128,72,8208,-42,0
none,42,0.01,selective_fusion,0.8630851398710006,0.9621563684600509,6,0,0,0,2042,16237,81,8217,6,0
none,42,0.03,fusion_ae_plain_latent,0.6978202256256647,0.7606295019540642,32,45,12,12,1310,16898,215,8059,-13,0
none,42,0.03,selective_fusion,0.6978202256256647,0.9290240918091556,0,0,0,0,1342,16943,227,8071,0,0
none,42,0.05,fusion_ae_plain_latent,0.5515350455724304,0.486005418074931,64,8,6,25,842,17371,401,7866,56,19
none,42,0.05,selective_fusion,0.5515350455724304,0.9290240918091556,0,0,0,0,906,17379,407,7891,0,0
none,123,0.01,fusion_ae_plain_latent,0.8681974538944108,0.9243683151476867,84,204,14,17,2007,15926,79,8203,-120,3
none,123,0.01,selective_fusion,0.8681974538944108,0.9811975823786631,0,0,0,0,2091,16130,93,8220,0,0
none,123,0.03,fusion_ae_plain_latent,0.6919265344030638,0.777465680190184,38,71,20,13,1306,16806,226,8054,-33,-7
none,123,0.03,selective_fusion,0.6919265344030638,0.9291934865147662,2,0,0,0,1342,16877,246,8067,2,0
none,123,0.05,fusion_ae_plain_latent,0.5480375455043739,0.5369718612473476,33,54,30,24,823,17311,409,7850,-21,-6
none,123,0.05,selective_fusion,0.5480375455043739,0.8083752291125132,0,0,0,0,856,17365,439,7874,0,0
none,2026,0.01,fusion_ae_plain_latent,0.8599444888350419,0.927733010600351,48,179,27,21,1856,15985,79,8245,-131,-6
none,2026,0.01,selective_fusion,0.8599444888350419,0.9524452552297232,7,0,0,6,1897,16164,106,8260,7,6
none,2026,0.03,fusion_ae_plain_latent,0.6581818724119789,0.7317632175752747,18,79,32,8,1130,16841,257,8075,-61,-24
none,2026,0.03,selective_fusion,0.6581818724119789,0.8712166917700875,4,0,0,0,1144,16920,289,8083,4,0
none,2026,0.05,fusion_ae_plain_latent,0.5441572187396378,0.5079601015210333,20,43,25,13,821,17184,398,7936,-23,-12
none,2026,0.05,selective_fusion,0.5441572187396378,0.6888053625637262,1,0,0,3,840,17227,423,7946,1,3
