family,cutoff,tn,fp,fn,tp,recall,fpr,precision,f1,accuracy,quantiles,best_f1,best_f1_cutoffs,recall95_min_fpr
Binary threshold,0.0,0.0,8193.0,0.0,16838.0,1.0,1.0,0.672685869521793,0.8043182306718575,0.672685869521793,,,,
Binary threshold,0.01,6574.0,1619.0,0.0,16838.0,1.0,0.19760771390211157,0.9122826028065233,0.9541294800963309,0.9353202029483441,,,,
Binary threshold,0.02,6598.0,1595.0,0.0,16838.0,1.0,0.1946783839863298,0.9134704063364618,0.9547787133906042,0.9362790140226119,,,,
Binary threshold,0.03,6621.0,1572.0,0.0,16838.0,1.0,0.19187110948370562,0.9146116241173275,0.9554017249205629,0.937197874635452,,,,
Binary threshold,0.04,6668.0,1525.0,3.0,16835.0,0.9998218315714456,0.18613450506529963,0.9169389978213508,0.9565884425251435,0.9389556949382766,,,,
Binary threshold,0.05,6693.0,1500.0,7.0,16831.0,0.9995842736667062,0.1830831197363603,0.9181714036331897,0.9571497625749951,0.939794654628261,,,,
Binary threshold,0.060000000000000005,6719.0,1474.0,11.0,16827.0,0.999346715761967,0.17990967899426338,0.919457953117316,0.9577392640655682,0.9406735647796732,,,,
Binary threshold,0.06999999999999999,6751.0,1442.0,16.0,16822.0,0.9990497683810429,0.17600390577322103,0.9210468681559352,0.9584639051905874,0.9417522272382246,,,,
Binary threshold,0.08,6779.0,1414.0,21.0,16817.0,0.9987528210001188,0.17258635420480897,0.9224398003400801,0.9590806695371981,0.9426710878510647,,,,
Binary threshold,0.09,6812.0,1381.0,29.0,16809.0,0.9982777051906402,0.16855852557060905,0.9240791643760308,0.9597464885234669,0.9436698493867605,,,,
Binary threshold,0.09999999999999999,6847.0,1346.0,36.0,16802.0,0.9978619788573465,0.16428658611009397,0.9258320476085519,0.960498485108329,0.9447884623067396,,,,
Binary threshold,0.1,6847.0,1346.0,36.0,16802.0,0.9978619788573465,0.16428658611009397,0.9258320476085519,0.960498485108329,0.9447884623067396,,,,
Binary threshold,0.11,6879.0,1314.0,40.0,16798.0,0.9976244209526072,0.16038081288905162,0.9274514134275619,0.9612589413447783,0.9459070752267189,,,,
Binary threshold,0.12,6911.0,1282.0,48.0,16790.0,0.9971493051431286,0.15647503966800927,0.9290615316511731,0.9619020338012031,0.9468658863009868,,,,
Binary threshold,0.13,6944.0,1249.0,53.0,16785.0,0.9968523577622045,0.15244721103380934,0.930741931906399,0.9626634549208534,0.947984499220966,,,,
Binary threshold,0.14,6994.0,1199.0,66.0,16772.0,0.9960802945718019,0.14634444037593067,0.9332813978075789,0.9636588238673907,0.9494626662937957,,,,
Binary threshold,0.15000000000000002,7021.0,1172.0,77.0,16761.0,0.9954270103337689,0.14304894422067618,0.9346456253833715,0.9640792614535101,0.950101873676641,,,,
Binary threshold,0.16,7051.0,1142.0,91.0,16747.0,0.9945955576671813,0.13938728182594898,0.9361618871932472,0.9644944855587871,0.9507410810594862,,,,
Binary threshold,0.17,7084.0,1109.0,100.0,16738.0,0.994061052381518,0.13535945319174905,0.9378607048803721,0.9651434337609918,0.9516998921337542,,,,
Binary threshold,0.18000000000000002,7110.0,1083.0,115.0,16723.0,0.9931702102387457,0.13218601244965214,0.9391778052341907,0.9654196974945156,0.9521393472094603,,,,
Binary threshold,0.19,7140.0,1053.0,120.0,16718.0,0.9928732628578216,0.12852435005492494,0.9407461594732992,0.9661070819728972,0.953138108745156,,,,
Binary threshold,0.2,7164.0,1029.0,131.0,16707.0,0.9922199786197886,0.12559502013914317,0.9419824086603519,0.9664487765372823,0.9536574647437178,,,,
Binary threshold,0.21000000000000002,7198.0,995.0,148.0,16690.0,0.9912103575246466,0.12144513609178567,0.9437376307605315,0.9668916374590852,0.9543366225879909,,,,
Binary threshold,0.22,7232.0,961.0,163.0,16675.0,0.9903195153818743,0.11729525204442817,0.9455091857564073,0.9673957185125022,0.9550956813551197,,,,
Binary threshold,0.23,7259.0,934.0,172.0,16666.0,0.989785010096211,0.11399975588917369,0.9469318181818182,0.9678843138393635,0.9558147896608206,,,,
Binary threshold,0.24000000000000002,7276.0,917.0,187.0,16651.0,0.9888941679534387,0.11192481386549494,0.9478028233151184,0.9679125733883625,0.9558946905836763,,,,
Binary threshold,0.25,7298.0,895.0,194.0,16644.0,0.9884784416201449,0.10923959477602832,0.9489708649295855,0.9683218430927655,0.9564939475050936,,,,
Binary threshold,0.26,7319.0,874.0,205.0,16633.0,0.9878251573821119,0.10667643109971928,0.9500771120123379,0.9685834910467317,0.9568934521193719,,,,
Binary threshold,0.27,7341.0,852.0,215.0,16623.0,0.9872312626202637,0.10399121201025266,0.9512446351931331,0.9689039139684668,0.9573728576565059,,,,
Binary threshold,0.28,7371.0,822.0,229.0,16609.0,0.9863998099536762,0.10032954961552545,0.9528426366817738,0.9693308821383758,0.9580120650393512,,,,
Binary threshold,0.29000000000000004,7391.0,802.0,246.0,16592.0,0.9853901888585342,0.09788844135237398,0.9538921467172589,0.969385370413648,0.9581319164236347,,,,
Binary threshold,0.3,7421.0,772.0,265.0,16573.0,0.9842617888110227,0.09422677895764678,0.9554914961083886,0.9696632829184098,0.9585713714993408,,,,
Binary threshold,0.31,7439.0,754.0,280.0,16558.0,0.9833709466682504,0.09202978152081044,0.9564463955637708,0.9697218155197658,0.9586912228836243,,,,
Binary threshold,0.32,7452.0,741.0,293.0,16545.0,0.9825988834778477,0.09044306114976199,0.9571329399514058,0.9696987457507912,0.9586912228836243,,,,
Binary threshold,0.33,7477.0,716.0,309.0,16529.0,0.9816486518588906,0.08739167582082265,0.9584807190489997,0.9699263562479828,0.9590507770364748,,,,
Binary threshold,0.34,7498.0,695.0,333.0,16505.0,0.9802233044304549,0.0848285121445136,0.959593023255814,0.9697984605440978,0.9589309256521913,,,,
Binary threshold,0.35000000000000003,7515.0,678.0,351.0,16487.0,0.9791542938591281,0.08275357012083485,0.9605010195164579,0.9697379642972679,0.9588909751907635,,,,
Binary threshold,0.36000000000000004,7544.0,649.0,368.0,16470.0,0.9781446727639862,0.07921396313926522,0.9620889070623284,0.9700503578054599,0.9593703807278974,,,,
Binary threshold,0.37,7573.0,620.0,388.0,16450.0,0.9769568832402898,0.07567435615769559,0.9636789689513767,0.9702725020644096,0.9597299348807479,,,,
Binary threshold,0.38,7595.0,598.0,408.0,16430.0,0.9757690937165934,0.07298913706822897,0.9648813718581161,0.9702946908403709,0.9598098358036036,,,,
Binary threshold,0.39,7619.0,574.0,424.0,16414.0,0.9748188620976364,0.07005980715244721,0.9662114433717919,0.9704960681132856,0.9601294394950262,,,,
Binary threshold,0.4,7633.0,560.0,440.0,16398.0,0.9738686304786792,0.06835103136824118,0.9669772378818257,0.9704106994910641,0.9600495385721705,,,,
Binary threshold,0.41000000000000003,7652.0,541.0,460.0,16378.0,0.9726808409549828,0.06603197851824728,0.9680241149004079,0.9703468910151969,0.9600095881107427,,,,
Binary threshold,0.42000000000000004,7672.0,521.0,477.0,16361.0,0.9716712198598408,0.06359087025509581,0.9691387276389053,0.9704033214709371,0.9601294394950262,,,,
Binary threshold,0.43,7681.0,512.0,502.0,16336.0,0.9701864829552204,0.06249237153667765,0.9696106362773029,0.9698984741435611,0.9594902321121809,,,,
Binary threshold,0.44,7695.0,498.0,521.0,16317.0,0.9690580829077088,0.06078359575247162,0.9703835860838537,0.9697203815410216,0.9592904798050418,,,,
Binary threshold,0.45,7704.0,489.0,536.0,16302.0,0.9681672407649364,0.05968509703405346,0.9708772556726818,0.9695203544559755,0.9590507770364748,,,,
Binary threshold,0.46,7718.0,475.0,565.0,16273.0,0.9664449459555766,0.05797632124984743,0.9716384045856221,0.969034716846305,0.9584515201150573,,,,
Binary threshold,0.47000000000000003,7732.0,461.0,586.0,16252.0,0.9651977669556955,0.0562675454656414,0.9724166816250823,0.9687937766385503,0.9581718668850625,,,,
Binary threshold,0.48000000000000004,7747.0,446.0,601.0,16237.0,0.9643069248129231,0.0544367142682778,0.9732661991248577,0.9687658482742162,0.9581718668850625,,,,
Binary threshold,0.49,7755.0,438.0,614.0,16224.0,0.9635348616225204,0.05346027096301721,0.973712639539071,0.9685970149253731,0.9579721145779234,,,,
Binary threshold,0.5,7769.0,424.0,642.0,16196.0,0.9618719562893455,0.05175149517881118,0.9744885679903731,0.968139159543308,0.9574128081179337,,,,
Binary threshold,0.51,7776.0,417.0,659.0,16179.0,0.9608623351942036,0.05089710728670817,0.9748734634851771,0.9678171920799187,0.9570133035036554,,,,
Binary threshold,0.52,7792.0,401.0,671.0,16167.0,0.9601496614799857,0.04894422067618699,0.9757967165620474,0.9679099562952763,0.9571731053493668,,,,
Binary threshold,0.53,7812.0,381.0,690.0,16148.0,0.9590212614324741,0.046503112413035515,0.9769496037267832,0.9679024185572571,0.9572130558107946,,,,
Binary threshold,0.54,7821.0,372.0,703.0,16135.0,0.9582491982420716,0.04540461369461735,0.9774641061367905,0.9677612835507572,0.9570532539650833,,,,
Binary threshold,0.55,7837.0,356.0,748.0,16090.0,0.9555766718137546,0.04345172708409618,0.978353399002797,0.9668309097464247,0.9558946905836763,,,,
Binary threshold,0.56,7848.0,345.0,759.0,16079.0,0.9549233875757216,0.04210911753936287,0.9789941548952752,0.9668089711983645,0.9558946905836763,,,,
Binary threshold,0.5700000000000001,7855.0,338.0,774.0,16064.0,0.9540325454329492,0.041254729647259854,0.979392756980856,0.9665463297232251,0.9555750868922536,,,,
Binary threshold,0.5776925765603604,7867.0,326.0,799.0,16039.0,0.9525478085283288,0.03979006468936897,0.9800794378246257,0.9661175195012499,0.9550557308936918,,,,
Binary threshold,0.5800000000000001,7869.0,324.0,805.0,16033.0,0.9521914716712199,0.039545953863053825,0.9801919667420677,0.9659888537430336,0.9548959290479805,,,,
Binary threshold,0.59,7881.0,312.0,839.0,15999.0,0.9501722294809359,0.03808128890516294,0.980871804303844,0.9652779872696009,0.9540170188965682,,,,
Binary threshold,0.6,7894.0,299.0,858.0,15980.0,0.9490438294334244,0.03649456853411449,0.9816327784261932,0.9650632605610412,0.9537773161280013,,,,
Binary threshold,0.61,7903.0,290.0,891.0,15947.0,0.9470839767193253,0.035396069815696325,0.9821395578000862,0.9642932728647015,0.9528185050537333,,,,
Binary threshold,0.62,7925.0,268.0,917.0,15921.0,0.9455398503385201,0.03271085072622971,0.9834455494471555,0.9641202652375329,0.952658703208022,,,,
Binary threshold,0.63,7938.0,255.0,935.0,15903.0,0.9444708397671933,0.031124130355181252,0.9842183438544374,0.9639350224269608,0.952458950900883,,,,
Binary threshold,0.64,7945.0,248.0,964.0,15874.0,0.9427485449578334,0.030269742463078238,0.984617293139809,0.9632281553398059,0.9515800407494707,,,,
Binary threshold,0.65,7954.0,239.0,990.0,15848.0,0.9412044185770282,0.029171243744660076,0.9851432833965313,0.962672741078208,0.9509008829051976,,,,
Binary threshold,0.66,7962.0,231.0,1012.0,15826.0,0.9398978501009622,0.028194800439399488,0.9856137510120196,0.9622131022951816,0.9503415764452079,,,,
Binary threshold,0.67,7966.0,227.0,1041.0,15797.0,0.9381755552916023,0.027706578786769194,0.985833749375936,0.9614143996104924,0.9493428149095122,,,,
Binary threshold,0.68,7974.0,219.0,1064.0,15774.0,0.9368095973393514,0.026730135481508606,0.9863065090977302,0.9609210806859371,0.9487435579880947,,,,
Binary threshold,0.6900000000000001,7986.0,207.0,1089.0,15749.0,0.935324860434731,0.025265470523617724,0.9870268237653548,0.9604805757150698,0.9482242019895329,,,,
Binary threshold,0.7000000000000001,7993.0,200.0,1125.0,15713.0,0.9331868392920775,0.02441108263151471,0.9874316596493433,0.9595432200543494,0.9470656386081259,,,,
Binary threshold,0.7100000000000001,8003.0,190.0,1162.0,15676.0,0.9309894286732391,0.02319052849993897,0.9880247069204589,0.9586594911937377,0.9459869761495745,,,,
Binary threshold,0.72,8009.0,184.0,1198.0,15640.0,0.9288514075305856,0.02245819602099353,0.9883720930232558,0.9576878329557283,0.9447884623067396,,,,
Binary threshold,0.73,8015.0,178.0,1213.0,15625.0,0.9279605653878132,0.02172586354204809,0.988736315889388,0.9573848840415429,0.9444289081538891,,,,
Binary threshold,0.74,8023.0,170.0,1247.0,15591.0,0.9259413231975294,0.0207494202367875,0.9892138823678701,0.9565324089696003,0.9433901961567656,,,,
Binary threshold,0.75,8030.0,163.0,1282.0,15556.0,0.9238626915310607,0.019895032344684486,0.989630383612189,0.9556163037134872,0.9422715832367864,,,,
Binary threshold,0.76,8036.0,157.0,1322.0,15516.0,0.9214871124836679,0.019162699865739045,0.9899827729215849,0.954507705084433,0.9409132675482402,,,,
Binary threshold,0.77,8042.0,151.0,1375.0,15463.0,0.9183394702458725,0.018430367386793604,0.9903291917509927,0.9529767040552201,0.9390355958611322,,,,
Binary threshold,0.78,8048.0,145.0,1416.0,15422.0,0.9159045017222948,0.017698034907848163,0.990685424294983,0.9518284215398858,0.9376373297111582,,,,
Binary threshold,0.79,8054.0,139.0,1458.0,15380.0,0.9134101437225324,0.01696570242890272,0.9910432373219924,0.9506443737058442,0.9361991130997563,,,,
Binary threshold,0.8,8062.0,131.0,1494.0,15344.0,0.9112721225798789,0.015989259123642133,0.9915347334410339,0.9497106427753536,0.9350805001797771,,,,
Binary threshold,0.81,8072.0,121.0,1523.0,15315.0,0.9095498277705191,0.014768704992066398,0.992161181653278,0.9490611637850902,0.9343214414126483,,,,
Binary threshold,0.8200000000000001,8078.0,115.0,1553.0,15285.0,0.9077681434849745,0.014036372513120957,0.9925324675324675,0.9482598176065513,0.9333626303383804,,,,
Binary threshold,0.8300000000000001,8085.0,108.0,1597.0,15241.0,0.9051550065328424,0.013181984621017943,0.992963710990944,0.947028303352285,0.9318844632655507,,,,
Binary threshold,0.8400000000000001,8096.0,97.0,1645.0,15193.0,0.902304311675971,0.011839375076284634,0.9936559843034664,0.9457793824701195,0.930406296192721,,,,
Binary threshold,0.85,8098.0,95.0,1698.0,15140.0,0.8991566694381755,0.011595264249969485,0.993764358385297,0.9440962803604278,0.9283688226599017,,,,
Binary threshold,0.86,8106.0,87.0,1747.0,15091.0,0.8962465851051193,0.010618820944708897,0.9942680195019107,0.9427161419290355,0.9267308537413607,,,,
Binary threshold,0.87,8115.0,78.0,1797.0,15041.0,0.8932771112958784,0.009520322226290736,0.9948409286328461,0.941327408705448,0.9250928848228197,,,,
Binary threshold,0.88,8122.0,71.0,1857.0,14981.0,0.8897137427247892,0.008665934334187721,0.9952830188679245,0.9395421762307934,0.9229755103671448,,,,
Binary threshold,0.89,8126.0,67.0,1911.0,14927.0,0.8865067110108089,0.008177712681557427,0.995531545951714,0.9378612716763006,0.9209779872957533,,,,
Binary threshold,0.9,8131.0,62.0,1962.0,14876.0,0.8834778477253831,0.0075674356157695594,0.9958495113134288,0.9363041289023162,0.9191402660700732,,,,
Binary threshold,0.91,8136.0,57.0,2034.0,14804.0,0.879201805440076,0.006957158549981692,0.9961644573043537,0.9340357739991798,0.9164635851544085,,,,
Binary threshold,0.92,8141.0,52.0,2103.0,14735.0,0.8751039315833234,0.006346881484193824,0.9964833975789544,0.9318577075098814,0.9139067556230275,,,,
Binary threshold,0.93,8145.0,48.0,2188.0,14650.0,0.8700558261076138,0.005858659831563529,0.9967342495577629,0.9290969051243024,0.9106707682473733,,,,
Binary threshold,0.9400000000000001,8153.0,40.0,2276.0,14562.0,0.8648295522033496,0.004882216526302941,0.9972606492261334,0.9263358778625954,0.9074747313331469,,,,
Binary threshold,0.95,8157.0,36.0,2384.0,14454.0,0.858415488775389,0.004393994873672647,0.9975155279503105,0.922752808988764,0.9033198833446526,,,,
Binary threshold,0.9500000000000001,8157.0,36.0,2384.0,14454.0,0.858415488775389,0.004393994873672647,0.9975155279503105,0.922752808988764,0.9033198833446526,,,,
Binary threshold,0.9600000000000001,8164.0,29.0,2526.0,14312.0,0.8499821831571446,0.0035396069815696327,0.9979778258140994,0.9180538182751211,0.8979265710518957,,,,
Binary threshold,0.97,8177.0,16.0,2674.0,14164.0,0.8411925406817912,0.0019528866105211766,0.9988716502115655,0.9132761622283835,0.8925332587591387,,,,
Binary threshold,0.98,8180.0,13.0,2934.0,13904.0,0.825751276873738,0.001586720371048456,0.99906589063735,0.9041781824093643,0.8822659901721865,,,,
Binary threshold,0.99,8186.0,7.0,3367.0,13471.0,0.8000356336857108,0.0008543878921030148,0.9994806351090666,0.8887056339886529,0.8652071431425032,,,,
Binary threshold,1.000001,8193.0,0.0,16838.0,0.0,0.0,0.0,0.0,0.0,0.327314130478207,,,,
Mode confidence,,,,,,,,,,,"[0.01, 0.8, 0.99]",0.9704106994910641,"[0.4, 0.4, 0.4, 0.4]",0.03979006468936897
Mode confidence,,,,,,,,,,,"[0.01, 0.8, 0.995]",0.9704106994910641,"[0.4, 0.4, 0.4, 0.4]",0.03979006468936897
Mode confidence,,,,,,,,,,,"[0.01, 0.8, 0.999]",0.9704106994910641,"[0.4, 0.4, 0.4, 0.0]",0.03979006468936897
Mode confidence,,,,,,,,,,,"[0.01, 0.8, 0.9999]",0.9704106994910641,"[0.4, 0.4, 0.4, 0.0]",0.03979006468936897
Mode confidence,,,,,,,,,,,"[0.01, 0.9, 0.99]",0.9704106994910641,"[0.4, 0.4, 0.4, 0.4]",0.03979006468936897
Mode confidence,,,,,,,,,,,"[0.01, 0.9, 0.995]",0.9704106994910641,"[0.4, 0.4, 0.4, 0.4]",0.03979006468936897
Mode confidence,,,,,,,,,,,"[0.01, 0.9, 0.999]",0.9704106994910641,"[0.4, 0.4, 0.4, 0.0]",0.03979006468936897
Mode confidence,,,,,,,,,,,"[0.01, 0.9, 0.9999]",0.9704106994910641,"[0.4, 0.4, 0.4, 0.0]",0.03979006468936897
Mode confidence,,,,,,,,,,,"[0.01, 0.95, 0.99]",0.9704106994910641,"[0.4, 0.4, 0.4, 0.4]",0.03979006468936897
Mode confidence,,,,,,,,,,,"[0.01, 0.95, 0.995]",0.9704106994910641,"[0.4, 0.4, 0.4, 0.4]",0.03979006468936897
Mode confidence,,,,,,,,,,,"[0.01, 0.95, 0.999]",0.9704106994910641,"[0.4, 0.4, 0.4, 0.0]",0.03979006468936897
Mode confidence,,,,,,,,,,,"[0.01, 0.95, 0.9999]",0.9704106994910641,"[0.4, 0.4, 0.4, 0.0]",0.03979006468936897
Mode confidence,,,,,,,,,,,"[0.01, 0.99, 0.995]",0.9704106994910641,"[0.4, 0.4, 0.4, 0.4]",0.03979006468936897
Mode confidence,,,,,,,,,,,"[0.01, 0.99, 0.999]",0.9704106994910641,"[0.4, 0.4, 0.4, 0.0]",0.03979006468936897
Mode confidence,,,,,,,,,,,"[0.01, 0.99, 0.9999]",0.9704106994910641,"[0.4, 0.4, 0.4, 0.0]",0.03979006468936897
Mode confidence,,,,,,,,,,,"[0.1, 0.8, 0.99]",0.9704106994910641,"[0.4, 0.4, 0.4, 0.4]",0.03979006468936897
Mode confidence,,,,,,,,,,,"[0.1, 0.8, 0.995]",0.9704106994910641,"[0.4, 0.4, 0.4, 0.4]",0.03979006468936897
Mode confidence,,,,,,,,,,,"[0.1, 0.8, 0.999]",0.9704106994910641,"[0.4, 0.4, 0.4, 0.0]",0.03979006468936897
Mode confidence,,,,,,,,,,,"[0.1, 0.8, 0.9999]",0.9704106994910641,"[0.4, 0.4, 0.4, 0.0]",0.03979006468936897
Mode confidence,,,,,,,,,,,"[0.1, 0.9, 0.99]",0.9704106994910641,"[0.4, 0.4, 0.4, 0.4]",0.03979006468936897
Mode confidence,,,,,,,,,,,"[0.1, 0.9, 0.995]",0.9704106994910641,"[0.4, 0.4, 0.4, 0.4]",0.03979006468936897
Mode confidence,,,,,,,,,,,"[0.1, 0.9, 0.999]",0.9704106994910641,"[0.4, 0.4, 0.4, 0.0]",0.03979006468936897
Mode confidence,,,,,,,,,,,"[0.1, 0.9, 0.9999]",0.9704106994910641,"[0.4, 0.4, 0.4, 0.0]",0.03979006468936897
Mode confidence,,,,,,,,,,,"[0.1, 0.95, 0.99]",0.9704106994910641,"[0.4, 0.4, 0.4, 0.4]",0.03979006468936897
Mode confidence,,,,,,,,,,,"[0.1, 0.95, 0.995]",0.9704106994910641,"[0.4, 0.4, 0.4, 0.4]",0.03979006468936897
Mode confidence,,,,,,,,,,,"[0.1, 0.95, 0.999]",0.9704106994910641,"[0.4, 0.4, 0.4, 0.0]",0.03979006468936897
Mode confidence,,,,,,,,,,,"[0.1, 0.95, 0.9999]",0.9704106994910641,"[0.4, 0.4, 0.4, 0.0]",0.03979006468936897
Mode confidence,,,,,,,,,,,"[0.1, 0.99, 0.995]",0.9704106994910641,"[0.4, 0.4, 0.4, 0.4]",0.03979006468936897
Mode confidence,,,,,,,,,,,"[0.1, 0.99, 0.999]",0.9704106994910641,"[0.4, 0.4, 0.4, 0.0]",0.03979006468936897
Mode confidence,,,,,,,,,,,"[0.1, 0.99, 0.9999]",0.9704106994910641,"[0.4, 0.4, 0.4, 0.0]",0.03979006468936897
Mode confidence,,,,,,,,,,,"[0.3, 0.8, 0.99]",0.9704106994910641,"[0.4, 0.4, 0.4, 0.4]",0.039545953863053825
Mode confidence,,,,,,,,,,,"[0.3, 0.8, 0.995]",0.9704106994910641,"[0.4, 0.4, 0.4, 0.4]",0.039545953863053825
Mode confidence,,,,,,,,,,,"[0.3, 0.8, 0.999]",0.9704106994910641,"[0.4, 0.4, 0.4, 0.0]",0.039545953863053825
Mode confidence,,,,,,,,,,,"[0.3, 0.8, 0.9999]",0.9704106994910641,"[0.4, 0.4, 0.4, 0.0]",0.039545953863053825
Mode confidence,,,,,,,,,,,"[0.3, 0.9, 0.99]",0.9704106994910641,"[0.4, 0.4, 0.4, 0.4]",0.039545953863053825
Mode confidence,,,,,,,,,,,"[0.3, 0.9, 0.995]",0.9704106994910641,"[0.4, 0.4, 0.4, 0.4]",0.039545953863053825
Mode confidence,,,,,,,,,,,"[0.3, 0.9, 0.999]",0.9704106994910641,"[0.4, 0.4, 0.4, 0.0]",0.039545953863053825
Mode confidence,,,,,,,,,,,"[0.3, 0.9, 0.9999]",0.9704106994910641,"[0.4, 0.4, 0.4, 0.0]",0.039545953863053825
Mode confidence,,,,,,,,,,,"[0.3, 0.95, 0.99]",0.9704106994910641,"[0.4, 0.4, 0.4, 0.4]",0.039545953863053825
Mode confidence,,,,,,,,,,,"[0.3, 0.95, 0.995]",0.9704106994910641,"[0.4, 0.4, 0.4, 0.4]",0.039545953863053825
Mode confidence,,,,,,,,,,,"[0.3, 0.95, 0.999]",0.9704106994910641,"[0.4, 0.4, 0.4, 0.0]",0.039545953863053825
Mode confidence,,,,,,,,,,,"[0.3, 0.95, 0.9999]",0.9704106994910641,"[0.4, 0.4, 0.4, 0.0]",0.039545953863053825
Mode confidence,,,,,,,,,,,"[0.3, 0.99, 0.995]",0.9704106994910641,"[0.4, 0.4, 0.4, 0.4]",0.039545953863053825
Mode confidence,,,,,,,,,,,"[0.3, 0.99, 0.999]",0.9704106994910641,"[0.4, 0.4, 0.4, 0.0]",0.039545953863053825
Mode confidence,,,,,,,,,,,"[0.3, 0.99, 0.9999]",0.9704106994910641,"[0.4, 0.4, 0.4, 0.0]",0.039545953863053825
Mode confidence,,,,,,,,,,,"[0.5, 0.8, 0.99]",0.9704106994910641,"[0.4, 0.4, 0.4, 0.4]",0.0373489564262175
Mode confidence,,,,,,,,,,,"[0.5, 0.8, 0.995]",0.9704106994910641,"[0.4, 0.4, 0.4, 0.4]",0.0373489564262175
Mode confidence,,,,,,,,,,,"[0.5, 0.8, 0.999]",0.9704106994910641,"[0.4, 0.4, 0.4, 0.0]",0.0373489564262175
Mode confidence,,,,,,,,,,,"[0.5, 0.8, 0.9999]",0.9704106994910641,"[0.4, 0.4, 0.4, 0.0]",0.0373489564262175
Mode confidence,,,,,,,,,,,"[0.5, 0.9, 0.99]",0.9704106994910641,"[0.4, 0.4, 0.4, 0.4]",0.0373489564262175
Mode confidence,,,,,,,,,,,"[0.5, 0.9, 0.995]",0.9704106994910641,"[0.4, 0.4, 0.4, 0.4]",0.0373489564262175
Mode confidence,,,,,,,,,,,"[0.5, 0.9, 0.999]",0.9704106994910641,"[0.4, 0.4, 0.4, 0.0]",0.0373489564262175
Mode confidence,,,,,,,,,,,"[0.5, 0.9, 0.9999]",0.9704106994910641,"[0.4, 0.4, 0.4, 0.0]",0.0373489564262175
Mode confidence,,,,,,,,,,,"[0.5, 0.95, 0.99]",0.9704106994910641,"[0.4, 0.4, 0.4, 0.4]",0.0373489564262175
Mode confidence,,,,,,,,,,,"[0.5, 0.95, 0.995]",0.9704106994910641,"[0.4, 0.4, 0.4, 0.4]",0.0373489564262175
Mode confidence,,,,,,,,,,,"[0.5, 0.95, 0.999]",0.9704106994910641,"[0.4, 0.4, 0.4, 0.0]",0.0373489564262175
Mode confidence,,,,,,,,,,,"[0.5, 0.95, 0.9999]",0.9704106994910641,"[0.4, 0.4, 0.4, 0.0]",0.0373489564262175
Mode confidence,,,,,,,,,,,"[0.5, 0.99, 0.995]",0.9704106994910641,"[0.4, 0.4, 0.4, 0.4]",0.0373489564262175
Mode confidence,,,,,,,,,,,"[0.5, 0.99, 0.999]",0.9704106994910641,"[0.4, 0.4, 0.4, 0.0]",0.0373489564262175
Mode confidence,,,,,,,,,,,"[0.5, 0.99, 0.9999]",0.9704106994910641,"[0.4, 0.4, 0.4, 0.0]",0.0373489564262175
Mode confidence,,,,,,,,,,,"[0.7, 0.8, 0.99]",0.9704106994910641,"[0.4, 0.4, 0.4, 0.4]",0.039179787623581104
Mode confidence,,,,,,,,,,,"[0.7, 0.8, 0.995]",0.9704106994910641,"[0.4, 0.4, 0.4, 0.4]",0.039179787623581104
Mode confidence,,,,,,,,,,,"[0.7, 0.8, 0.999]",0.9704106994910641,"[0.4, 0.4, 0.4, 0.0]",0.039179787623581104
Mode confidence,,,,,,,,,,,"[0.7, 0.8, 0.9999]",0.9704106994910641,"[0.4, 0.4, 0.4, 0.0]",0.039179787623581104
Mode confidence,,,,,,,,,,,"[0.7, 0.9, 0.99]",0.9704106994910641,"[0.4, 0.4, 0.4, 0.4]",0.03979006468936897
Mode confidence,,,,,,,,,,,"[0.7, 0.9, 0.995]",0.9704106994910641,"[0.4, 0.4, 0.4, 0.4]",0.03979006468936897
Mode confidence,,,,,,,,,,,"[0.7, 0.9, 0.999]",0.9704106994910641,"[0.4, 0.4, 0.4, 0.0]",0.03979006468936897
Mode confidence,,,,,,,,,,,"[0.7, 0.9, 0.9999]",0.9704106994910641,"[0.4, 0.4, 0.4, 0.0]",0.03979006468936897
Mode confidence,,,,,,,,,,,"[0.7, 0.95, 0.99]",0.9704106994910641,"[0.4, 0.4, 0.4, 0.4]",0.03942389844989625
Mode confidence,,,,,,,,,,,"[0.7, 0.95, 0.995]",0.9704106994910641,"[0.4, 0.4, 0.4, 0.4]",0.03942389844989625
Mode confidence,,,,,,,,,,,"[0.7, 0.95, 0.999]",0.9704106994910641,"[0.4, 0.4, 0.4, 0.0]",0.03942389844989625
Mode confidence,,,,,,,,,,,"[0.7, 0.95, 0.9999]",0.9704106994910641,"[0.4, 0.4, 0.4, 0.0]",0.03942389844989625
Mode confidence,,,,,,,,,,,"[0.7, 0.99, 0.995]",0.9704106994910641,"[0.4, 0.4, 0.4, 0.4]",0.03979006468936897
Mode confidence,,,,,,,,,,,"[0.7, 0.99, 0.999]",0.9704106994910641,"[0.4, 0.4, 0.4, 0.0]",0.03979006468936897
Mode confidence,,,,,,,,,,,"[0.7, 0.99, 0.9999]",0.9704106994910641,"[0.4, 0.4, 0.4, 0.0]",0.03979006468936897
Mode confidence,,,,,,,,,,,"[0.9, 0.95, 0.99]",0.9704106994910641,"[0.4, 0.4, 0.4, 0.4]",0.03979006468936897
Mode confidence,,,,,,,,,,,"[0.9, 0.95, 0.995]",0.9704106994910641,"[0.4, 0.4, 0.4, 0.4]",0.03979006468936897
Mode confidence,,,,,,,,,,,"[0.9, 0.95, 0.999]",0.9704106994910641,"[0.4, 0.4, 0.4, 0.0]",0.03979006468936897
Mode confidence,,,,,,,,,,,"[0.9, 0.95, 0.9999]",0.9704106994910641,"[0.4, 0.4, 0.4, 0.0]",0.03979006468936897
Mode confidence,,,,,,,,,,,"[0.9, 0.99, 0.995]",0.9704106994910641,"[0.4, 0.4, 0.4, 0.4]",0.03979006468936897
Mode confidence,,,,,,,,,,,"[0.9, 0.99, 0.999]",0.9704106994910641,"[0.4, 0.4, 0.4, 0.0]",0.03979006468936897
Mode confidence,,,,,,,,,,,"[0.9, 0.99, 0.9999]",0.9704106994910641,"[0.4, 0.4, 0.4, 0.0]",0.03979006468936897
