dur,proto,service,state,spkts,dpkts,sbytes,dbytes,rate,sttl,dttl,sload,dload,sloss,dloss,sinpkt,dinpkt,sjit,djit,swin,stcpb,dtcpb,dwin,tcprtt,synack,ackdat,smean,dmean,trans_depth,response_body_len,ct_srv_src,ct_state_ttl,ct_dst_ltm,ct_src_dport_ltm,ct_dst_sport_ltm,ct_dst_src_ltm,is_ftp_login,ct_ftp_cmd,ct_flw_http_mthd,ct_src_ltm,ct_srv_dst,is_sm_ips_ports,label,attack_cat
8e-06,udp,dns,INT,2,0,114,0,125000.0003,254,0,57000000.0,0.0,0,0,0.008,0.0,0.0,0.0,0,0,0,0,0.0,0.0,0.0,57,0,0,0,19,2,15,15,15,19,0,0,0,15,19,0,1,Generic
0.985481,tcp,-,FIN,10,8,862,354,17.250459,254,252,6299.461914,2516.537598,2,1,106.123222,125.871289,6322.352331,205.869578,255,2943526329,73926660,255,0.183055,0.104372,0.078683,86,44,0,0,3,1,2,1,1,1,0,0,0,4,2,0,1,Fuzzers
2.452555,tcp,-,FIN,28,80,1448,86900,43.627973,62,252,4556.880371,279917.0625,6,38,90.800262,30.065837,4695.517419,2698.364037,255,2033251986,2655178542,255,0.157013,0.077343,0.07967,52,1086,0,0,4,1,2,1,1,1,0,0,0,3,5,0,1,Exploits
1e-05,udp,dns,INT,2,0,114,0,100000.0025,254,0,45600000.0,0.0,0,0,0.01,0.0,0.0,0.0,0,0,0,0,0.0,0.0,0.0,57,0,0,0,10,2,4,4,4,4,0,0,0,4,10,0,1,Generic
1.802766,tcp,ftp,FIN,14,12,884,682,13.867579,254,252,3643.290527,2777.953369,4,4,135.315466,145.441359,6963.924441,168.395563,255,733525129,1425744608,255,0.307944,0.202901,0.105043,63,57,0,0,3,1,1,1,1,1,0,0,0,1,3,0,1,Fuzzers
1.1e-05,udp,-,INT,2,0,78,0,90909.0902,254,0,28363636.0,0.0,0,0,0.011,0.0,0.0,0.0,0,0,0,0,0.0,0.0,0.0,39,0,0,0,13,2,1,1,1,1,0,0,0,3,6,0,1,Fuzzers
0.284252,tcp,-,FIN,12,14,1230,7222,87.950132,62,252,31746.48047,188762.0938,3,5,25.841091,21.060538,1344.935151,1662.276868,255,4106140313,999097817,255,0.05194,0.006604,0.045336,103,516,0,0,1,1,1,1,1,1,0,0,0,1,2,0,1,Exploits
6e-06,udp,dns,INT,2,0,114,0,166666.6608,254,0,76000000.0,0.0,0,0,0.006,0.0,0.0,0.0,0,0,0,0,0.0,0.0,0.0,57,0,0,0,13,2,6,6,4,6,0,0,0,6,13,0,1,Generic
5.847723,tcp,-,FIN,40,162,1970,195632,34.372353,62,252,2628.031494,265983.875,6,79,149.941616,35.715242,13009.89124,6446.392951,255,1394448985,3088452116,255,0.24181,0.096948,0.144862,49,1208,0,0,9,1,1,1,1,1,0,0,0,1,2,0,1,Exploits
8e-06,udp,dns,INT,2,0,114,0,125000.0003,254,0,57000000.0,0.0,0,0,0.008,0.0,0.0,0.0,0,0,0,0,0.0,0.0,0.0,57,0,0,0,36,2,35,35,15,36,0,0,0,35,36,0,1,Generic
0.540877,tcp,-,FIN,10,8,1526,354,31.430437,254,252,20322.55078,4585.145996,2,1,58.786222,64.825,3905.472584,107.620414,255,2324176534,2376502676,255,0.132317,0.087092,0.045225,153,44,0,0,1,1,1,1,1,1,0,0,0,1,1,0,1,Fuzzers
0.391728,tcp,http,FIN,10,8,810,1222,43.397458,62,252,14887.88086,21851.89648,2,2,43.525333,45.432,2105.664729,64.153129,255,901056063,3454674586,255,0.105378,0.073135,0.032243,81,153,0,0,1,1,1,1,1,1,0,0,0,1,1,0,1,Exploits
1.305125,tcp,-,FIN,10,6,546,268,11.493152,254,252,3015.802979,1373.048584,2,1,134.402778,249.65,7838.685514,335.855406,255,1467191071,1501019528,255,0.207137,0.05687,0.150267,55,45,0,0,3,1,2,2,1,3,0,0,0,2,3,0,1,Fuzzers
0.622625,tcp,-,FIN,10,8,564,354,27.303755,254,252,6527.203613,3983.135986,2,1,68.798222,87.893141,5429.49805,137.872406,255,3863106258,2883014410,255,0.052799,0.007363,0.045436,56,44,0,0,1,1,1,1,1,1,0,0,0,1,1,0,1,Reconnaissance
4e-06,udp,dns,INT,2,0,114,0,250000.0006,254,0,114000000.0,0.0,0,0,0.004,0.0,0.0,0.0,0,0,0,0,0.0,0.0,0.0,57,0,0,0,9,2,3,2,2,2,0,0,0,4,9,0,1,Generic
1.414508,tcp,http,FIN,10,8,880,354,12.018313,254,252,4479.295898,1753.259766,2,1,157.013556,192.038281,9297.409273,347.824594,255,3394548232,2150858709,255,0.122582,0.070239,0.052343,88,44,1,0,1,1,1,1,1,1,0,0,1,1,1,0,1,Exploits
7e-06,udp,dns,INT,2,0,114,0,142857.1409,254,0,65142856.0,0.0,0,0,0.007,0.0,0.0,0.0,0,0,0,0,0.0,0.0,0.0,57,0,0,0,12,2,4,4,4,4,0,0,0,4,12,0,1,Generic
4e-06,udp,-,INT,2,0,170,0,250000.0006,254,0,170000000.0,0.0,0,0,0.004,0.0,0.0,0.0,0,0,0,0,0.0,0.0,0.0,85,0,0,0,2,2,1,1,1,1,0,0,0,1,1,0,1,Shellcode
1e-05,unas,-,INT,2,0,200,0,100000.0025,254,0,80000000.0,0.0,0,0,0.01,0.0,0.0,0.0,0,0,0,0,0.0,0.0,0.0,100,0,0,0,8,2,3,2,2,3,0,0,0,8,7,0,1,Analysis
1e-06,rdp,-,INT,2,0,200,0,1000000.003,254,0,800000000.0,0.0,0,0,0.001,0.0,0.0,0.0,0,0,0,0,0.0,0.0,0.0,100,0,0,0,21,2,4,4,4,4,0,0,0,6,16,0,1,Analysis
0.742465,tcp,-,FIN,10,8,564,354,22.896702,254,252,5473.658691,3340.224609,2,1,82.496111,99.382141,5950.436177,143.480687,255,2369469243,3847031245,255,0.078507,0.046042,0.032465,56,44,0,0,1,1,1,1,1,1,0,0,0,4,1,0,1,Reconnaissance
1.2e-05,udp,dns,INT,2,0,114,0,83333.33039,254,0,38000000.0,0.0,0,0,0.012,0.0,0.0,0.0,0,0,0,0,0.0,0.0,0.0,57,0,0,0,23,2,7,7,4,7,0,0,0,8,23,0,1,Generic
0.701978,tcp,http,FIN,12,10,1642,3560,29.915466,254,252,17162.92969,36513.96484,3,3,63.816185,68.054445,3068.832694,91.28325,255,3107252209,2549645788,255,0.143509,0.088686,0.054823,137,356,0,0,1,1,1,1,1,1,0,0,0,3,1,0,1,Exploits
2.10006,tcp,-,FIN,10,8,534,354,8.095007,254,252,1832.328613,1180.918701,2,1,233.34,285.901844,14231.28785,422.06525,255,363122094,1074417245,255,0.171295,0.09789,0.073405,53,44,0,0,3,1,2,1,1,1,0,0,0,1,4,0,1,Fuzzers
9e-06,udp,dns,INT,2,0,114,0,111111.1072,254,0,50666664.0,0.0,0,0,0.009,0.0,0.0,0.0,0,0,0,0,0.0,0.0,0.0,57,0,0,0,18,2,18,18,18,19,0,0,0,19,18,0,1,Generic
1.867144,tcp,smtp,FIN,30,20,16612,1566,26.243289,62,252,68806.6875,6375.512695,12,8,64.384277,92.695688,4005.922933,118.718852,255,320870620,234047817,255,0.209498,0.105359,0.104139,554,78,0,0,2,1,2,2,1,1,0,0,0,3,1,0,1,Generic
1.025612,tcp,ftp,FIN,14,12,810,682,24.37569,254,252,5873.566406,4882.937988,4,4,76.304231,85.659727,4149.222085,110.627492,255,1316881556,565118928,255,0.115484,0.083344,0.03214,58,57,0,0,3,1,1,1,1,1,0,0,0,1,3,0,1,Fuzzers
1.135401,tcp,http,FIN,96,18,118098,784,99.524308,254,252,823448.25,5221.062988,45,1,11.152052,63.47741,1204.89825,76.128273,255,1464760475,1162033770,255,0.129096,0.056281,0.072815,1230,44,1,0,2,1,4,1,1,1,0,0,1,1,1,0,1,Exploits
9e-06,udp,-,INT,2,0,928,0,111111.1072,254,0,412444416.0,0.0,0,0,0.009,0.0,0.0,0.0,0,0,0,0,0.0,0.0,0.0,464,0,0,0,7,2,2,2,1,2,0,0,0,2,5,0,1,Fuzzers
1e-06,udp,dns,INT,2,0,114,0,1000000.003,254,0,456000000.0,0.0,0,0,0.001,0.0,0.0,0.0,0,0,0,0,0.0,0.0,0.0,57,0,0,0,25,2,25,25,25,26,0,0,0,25,25,0,1,Generic
2.582762,tcp,-,FIN,10,8,526,354,6.582101,254,252,1468.195679,960.212341,2,1,286.922444,356.832156,19940.83374,771.328625,255,229048404,3810733471,255,0.183965,0.08493,0.099035,53,44,0,0,1,1,1,1,1,1,0,0,0,1,1,0,1,Exploits
0.678469,tcp,-,FIN,10,8,564,354,25.056414,254,252,5989.956543,3655.288574,2,1,74.881778,91.62557,5786.693583,139.418688,255,1382330244,3605108158,255,0.08266,0.037078,0.045582,56,44,0,0,2,1,1,1,1,1,0,0,0,1,1,0,1,Reconnaissance
1.988502,tcp,http,FIN,14,12,2264,2160,12.572278,254,252,8460.639648,7965.79541,4,3,152.961688,174.700187,9379.138324,327.374469,255,548046492,2886128892,255,0.135373,0.066111,0.069262,162,180,1,299,2,1,2,1,1,15,0,0,1,2,2,0,1,Exploits
7e-06,udp,-,INT,2,0,78,0,142857.1409,254,0,44571428.0,0.0,0,0,0.007,0.0,0.0,0.0,0,0,0,0,0.0,0.0,0.0,39,0,0,0,13,2,2,2,1,2,0,0,0,4,6,0,1,Fuzzers
0.328583,tcp,-,FIN,10,6,662,268,45.650566,254,252,14510.79297,5453.720703,2,1,31.479667,53.474199,1770.957026,71.66275,255,1146193405,908895246,255,0.139852,0.061209,0.078643,66,45,0,0,2,1,1,1,1,2,0,0,0,1,1,0,1,Exploits
0.229055,tcp,-,FIN,10,6,2532,268,65.486455,254,252,79596.60156,7823.448242,2,1,22.465333,43.261199,1151.580203,64.528934,255,2798568983,2230581556,255,0.059477,0.012739,0.046738,253,45,0,0,3,1,1,1,1,1,0,0,0,1,1,0,1,Exploits
1.051563,tcp,-,FIN,10,6,534,268,14.26448,254,252,3659.314697,1704.129883,2,1,111.624667,196.657797,6984.399485,339.996844,255,2894304655,153021240,255,0.129218,0.06827,0.060948,53,45,0,0,3,1,1,1,1,1,0,0,0,1,3,0,1,Fuzzers
0.525229,tcp,-,FIN,8,10,364,3754,32.366836,62,252,4858.833008,51467.07813,1,3,75.032717,51.836222,5010.137852,4665.138928,255,3252264736,109625757,255,0.110086,0.058151,0.051935,46,375,0,0,3,1,2,1,1,2,0,0,0,2,2,0,1,Exploits
3e-06,udp,dns,INT,2,0,114,0,333333.3215,254,0,152000000.0,0.0,0,0,0.003,0.0,0.0,0.0,0,0,0,0,0.0,0.0,0.0,57,0,0,0,52,2,52,52,21,52,0,0,0,52,52,0,1,Generic
0.255045,tcp,http,FIN,10,6,2456,268,58.813151,254,252,69352.46875,7026.210938,2,1,28.338333,44.187602,1399.226058,65.658297,255,2747818768,3375988877,255,0.092982,0.033442,0.05954,246,45,1,0,1,1,1,1,1,1,0,0,1,1,1,0,1,Exploits
0.191423,tcp,http,FIN,10,6,886,268,78.36049,254,252,33350.22266,9361.466797,2,1,19.786667,37.064,1011.202777,59.914652,255,3601613472,1522186478,255,0.050715,0.006095,0.04462,89,45,1,0,1,1,1,1,1,1,0,0,1,1,1,0,1,Exploits
4e-06,udp,dns,INT,2,0,114,0,250000.0006,254,0,114000000.0,0.0,0,0,0.004,0.0,0.0,0.0,0,0,0,0,0.0,0.0,0.0,57,0,0,0,15,2,2,2,1,2,0,0,0,2,15,0,1,Generic
0.669687,tcp,http,FIN,10,16,830,13910,37.330874,62,252,8923.572266,155786.2188,2,6,74.409667,41.607935,4011.752009,3689.702415,255,4243163155,62110086,255,0.119771,0.044899,0.074872,83,869,1,0,1,1,2,1,1,1,0,0,1,2,1,0,1,Exploits
1e-05,udp,-,INT,2,0,828,0,100000.0025,254,0,331200000.0,0.0,0,0,0.01,0.0,0.0,0.0,0,0,0,0,0.0,0.0,0.0,414,0,0,0,37,2,15,15,1,37,0,0,0,15,37,0,1,Fuzzers
0.46709,tcp,-,FIN,10,8,1612,354,36.395555,254,252,24851.74023,5309.469238,2,1,48.787222,59.31657,3453.291225,107.031117,255,4117249443,2023455499,255,0.099817,0.051863,0.047954,161,44,0,0,9,1,4,3,1,4,0,0,0,4,9,0,1,Fuzzers
0.800673,tcp,http,FIN,12,8,1854,990,23.730037,254,252,16985.71094,8662.712891,2,2,72.788452,100.346711,5303.967574,154.015281,255,4270611430,1375496042,255,0.167739,0.073218,0.094521,155,124,1,5,3,1,1,1,1,1,0,0,1,3,3,0,1,Generic
1.6e-05,udp,-,INT,3,0,3026,0,125000.0003,254,0,1009000000.0,0.0,0,0,0.011,0.0,0.0,0.0,0,0,0,0,0.0,0.0,0.0,1009,0,0,0,2,2,2,2,1,2,0,0,0,2,2,0,1,Fuzzers
0.618011,tcp,http,FIN,20,36,2898,40154,88.99518,62,252,35649.85156,505350.2188,6,16,32.526894,17.241572,1709.976548,1437.727507,255,1474793679,3720263996,255,0.05148,0.006986,0.044494,145,1115,1,109,2,1,1,1,1,2,0,0,1,1,1,0,1,Exploits
0.388625,tcp,-,FIN,14,12,778,678,64.329367,254,252,14883.24219,12804.11719,4,4,29.89423,32.755,1437.156195,43.808289,255,3111741628,833579273,255,0.041341,0.027469,0.013872,56,57,0,0,7,1,2,2,1,2,0,0,0,2,7,0,1,Fuzzers
0.716494,tcp,-,FIN,16,12,912,694,37.683496,254,252,9546.485352,7112.411133,5,4,46.587132,58.358547,2321.436917,74.968625,255,79089978,3618555897,255,0.126503,0.07454,0.051963,57,58,0,0,6,1,1,1,1,8,0,0,0,1,6,0,1,Fuzzers
1.1e-05,udp,dns,INT,2,0,114,0,90909.0902,254,0,41454544.0,0.0,0,0,0.011,0.0,0.0,0.0,0,0,0,0,0.0,0.0,0.0,57,0,0,0,13,2,7,7,3,7,0,0,0,11,13,0,1,Generic
5.683607,tcp,-,FIN,14,12,1492,734,4.398615,254,252,1950.873779,947.285767,3,2,437.180067,509.565281,32154.29319,995.76575,255,373554249,4057085475,255,0.186805,0.078385,0.10842,107,61,0,0,1,1,1,1,1,1,0,0,0,1,1,0,1,Generic
0.267196,tcp,http,FIN,10,6,982,268,56.138565,254,252,26467.46289,6706.687012,2,1,25.073,47.664199,1218.427208,61.919629,255,1645383118,3782679207,255,0.065965,0.028874,0.037091,98,45,1,0,1,1,2,1,1,1,0,0,1,1,1,0,1,Exploits
1.257224,tcp,-,FIN,18,16,2304,2372,26.248307,62,252,13846.37988,14151.81445,6,6,73.954353,77.720867,3764.919097,100.306938,255,1775388497,1349669757,255,0.127615,0.059736,0.067879,128,148,0,0,1,1,2,1,1,1,0,0,0,1,4,0,1,Exploits
0.283684,tcp,http,FIN,10,12,784,7174,74.026033,62,252,19909.47852,185473.9844,2,4,31.520444,22.691,1531.745323,1732.330695,255,2303212484,3036403235,255,0.08363,0.026154,0.057476,78,598,1,3102,1,1,1,1,1,1,0,0,1,2,1,0,1,Exploits
0.451808,tcp,http,FIN,10,6,848,268,33.199943,254,252,13527.87012,3966.286621,2,1,50.200889,71.167,2480.606695,105.612008,255,1755965000,4220509323,255,0.157173,0.095343,0.06183,85,45,1,0,1,1,1,1,1,1,0,0,1,1,1,0,1,Exploits
6.704825,tcp,-,FIN,10,8,870,354,2.535488,254,252,934.252563,369.882874,2,1,744.980556,940.515688,48612.40922,1464.89825,255,4218434305,4016606696,255,0.207352,0.119887,0.087465,87,44,0,0,4,1,1,1,1,1,0,0,0,2,1,0,1,Reconnaissance
2e-06,udp,dns,INT,2,0,114,0,500000.0013,254,0,228000000.0,0.0,0,0,0.002,0.0,0.0,0.0,0,0,0,0,0.0,0.0,0.0,57,0,0,0,44,2,28,28,18,44,0,0,0,28,44,0,1,Generic
1e-05,udp,dns,INT,2,0,114,0,100000.0025,254,0,45600000.0,0.0,0,0,0.01,0.0,0.0,0.0,0,0,0,0,0.0,0.0,0.0,57,0,0,0,3,2,3,3,3,3,0,0,0,4,3,0,1,Generic
0.693128,tcp,-,FIN,10,8,852,354,24.526495,254,252,8852.62207,3577.982666,2,1,75.021111,90.542289,5186.712001,127.124836,255,1211536210,4156322783,255,0.11613,0.059321,0.056809,85,44,0,0,2,1,1,1,1,1,0,0,0,1,1,0,1,Exploits
1e-05,udp,-,INT,2,0,104,0,100000.0025,254,0,41600000.0,0.0,0,0,0.01,0.0,0.0,0.0,0,0,0,0,0.0,0.0,0.0,52,0,0,0,1,2,1,1,1,1,0,0,0,1,2,0,1,Fuzzers
0.335428,tcp,-,FIN,10,6,1014,268,44.718986,254,252,21775.16406,5342.428223,2,1,35.457778,60.248199,1866.648108,96.026367,255,2149445517,4156346683,255,0.070131,0.034177,0.035954,101,45,0,0,4,1,1,1,1,1,0,0,0,1,2,0,1,Fuzzers
0.268007,tcp,-,FIN,10,6,694,268,55.968685,254,252,18656.22852,6686.39209,2,1,28.809111,40.240801,1698.620397,68.045906,255,2832167520,3387930826,255,0.120197,0.066795,0.053402,69,45,0,0,10,1,4,4,1,4,0,0,0,4,10,0,1,Fuzzers
0.518957,tcp,-,FIN,12,8,568,740,36.611895,254,252,8031.493652,9989.266602,3,2,47.17791,64.93557,2371.715982,86.474766,255,1415272189,2064661264,255,0.164788,0.063723,0.101065,47,93,0,0,1,1,1,1,1,1,0,0,0,1,1,0,1,Exploits
0.480904,tcp,ftp,FIN,12,12,824,682,47.826592,254,252,12576.31445,10413.7207,3,4,43.718546,36.313,2261.532385,47.030488,255,3213681265,3938381987,255,0.072071,0.05933,0.012741,69,57,0,0,4,1,2,2,1,2,0,0,0,6,4,0,1,Fuzzers
1.377458,tcp,-,FIN,10,8,564,354,12.341574,254,252,2950.362305,1800.417847,2,1,148.350889,186.695141,10740.77761,271.2415,255,3517387975,1921935051,255,0.128445,0.070581,0.057864,56,44,0,0,1,1,1,1,1,1,0,0,0,1,1,0,1,Reconnaissance
2.509331,tcp,ftp,FIN,20,20,1752,1820,15.541991,254,252,5308.187988,5512.226074,6,8,132.070054,127.816579,7013.42512,8524.427007,255,2269054942,4166163845,255,0.172124,0.065306,0.106818,88,91,0,0,1,1,2,1,1,2,0,0,0,2,1,0,1,Exploits
2e-06,udp,-,INT,2,0,192,0,500000.0013,254,0,384000000.0,0.0,0,0,0.002,0.0,0.0,0.0,0,0,0,0,0.0,0.0,0.0,96,0,0,0,9,2,1,1,1,1,0,0,0,6,1,0,1,Shellcode
0.752791,tcp,-,FIN,10,6,844,268,19.92585,254,252,8076.61084,2380.474854,2,1,81.405667,139.008594,4789.571451,242.397,255,3540328016,64668143,255,0.089799,0.057736,0.032063,84,45,0,0,6,1,1,1,1,1,0,0,0,6,1,0,1,Exploits
0.385462,tcp,-,FIN,10,6,588,268,38.914343,254,252,10999.78809,4648.966797,2,1,41.194,69.029797,2286.05055,113.054992,255,3837944946,3261630037,255,0.094797,0.040303,0.054494,59,45,0,0,4,1,1,1,1,1,0,0,0,1,3,0,1,Fuzzers
0.525258,tcp,-,FIN,10,8,806,1226,32.365047,62,252,11057.42285,16342.44531,1,1,9290.7718,11613.464,923781.6608,30556.528,255,2427962773,1076270816,255,0.175212,0.088088,0.087124,81,153,0,0,5,1,3,1,1,1,0,0,0,1,7,0,1,Analysis
8e-06,udp,dns,INT,2,0,114,0,125000.0003,254,0,57000000.0,0.0,0,0,0.008,0.0,0.0,0.0,0,0,0,0,0.0,0.0,0.0,57,0,0,0,44,2,16,16,12,44,0,0,0,16,44,0,1,Generic
0.332002,tcp,-,FIN,10,6,566,268,45.180449,254,252,12289.08203,5397.557617,2,1,34.941333,53.022602,1882.265625,83.404539,255,869459171,1789672309,255,0.12338,0.066878,0.056502,57,45,0,0,8,1,1,1,1,1,0,0,0,1,8,0,1,Fuzzers
7e-06,udp,dns,INT,2,0,114,0,142857.1409,254,0,65142856.0,0.0,0,0,0.007,0.0,0.0,0.0,0,0,0,0,0.0,0.0,0.0,57,0,0,0,5,2,3,3,3,3,0,0,0,3,5,0,1,Generic
0.908438,tcp,-,FIN,10,10,828,1398,20.915021,62,252,6569.518066,11087.16211,2,2,100.937556,89.045555,6236.195314,135.040844,255,3396121596,3781126788,255,0.182376,0.1064,0.075976,83,140,0,0,4,1,1,1,1,1,0,0,0,1,3,0,1,Analysis
0.25836,tcp,-,FIN,10,6,486,268,58.058523,254,252,13562.4707,6936.058105,2,1,28.601556,45.541,1448.177321,72.587289,255,1473526558,2033502767,255,0.06868,0.030643,0.038037,49,45,0,0,12,1,4,4,2,4,0,0,0,5,12,0,1,Fuzzers
1.086679,tcp,-,FIN,28,20,16014,1802,43.251044,62,252,113689.5078,12603.53809,11,8,40.247372,55.018844,2383.066969,61.536145,255,2735647113,1309358637,255,0.074142,0.040392,0.03375,572,90,0,0,2,1,1,1,1,1,0,0,0,1,1,0,1,Exploits
3.649993,tcp,smtp,FIN,644,114,856386,5852,207.397661,62,252,1874101.125,12714.54492,319,8,5.676506,32.202238,742.979067,46.351957,255,2639172917,66249748,255,0.050671,0.005487,0.045184,1330,51,0,0,2,1,1,1,1,1,0,0,0,1,1,0,1,Exploits
3.094071,tcp,pop3,FIN,22,34,1036,22562,17.775934,62,252,2557.148926,56621.84375,7,15,147.336717,91.335397,7470.295479,6098.965241,255,182980134,1797795861,255,0.17273,0.079379,0.093351,47,664,0,0,1,1,1,1,1,1,0,0,0,2,1,0,1,Exploits
0.474083,tcp,http,FIN,10,10,802,3506,40.07737,62,252,12183.52051,53256.49609,2,3,52.675889,42.626444,2653.848636,3011.467097,255,3663513216,2873489496,255,0.108379,0.049643,0.058736,80,351,1,1308,2,1,1,1,1,1,0,0,1,1,1,0,1,Exploits
0.227185,tcp,http,FIN,10,8,1244,1024,74.828885,254,252,39439.22266,31551.37891,2,2,25.242778,30.112285,1363.191857,53.123023,255,2229104967,2795904805,255,0.057918,0.012244,0.045674,124,128,1,109,2,1,1,1,1,1,0,0,1,2,1,0,1,Exploits
2e-06,udp,-,INT,2,0,104,0,500000.0013,254,0,208000000.0,0.0,0,0,0.002,0.0,0.0,0.0,0,0,0,0,0.0,0.0,0.0,52,0,0,0,9,2,1,1,1,1,0,0,0,2,5,0,1,Fuzzers
0.511796,tcp,-,FIN,10,8,1612,354,33.21636,254,252,22680.91211,4845.680664,2,1,54.832556,66.220289,3703.138692,111.325375,255,4137924531,2733927288,255,0.101811,0.048242,0.053569,161,44,0,0,5,1,2,2,1,2,0,0,0,2,5,0,1,Fuzzers
1.2e-05,any,-,INT,2,0,200,0,83333.33039,254,0,66666664.0,0.0,0,0,0.012,0.0,0.0,0.0,0,0,0,0,0.0,0.0,0.0,100,0,0,0,19,2,6,6,6,6,0,0,0,6,18,0,1,Analysis
0.407387,tcp,http,FIN,10,8,812,1208,41.729364,62,252,14354.90137,20756.67578,2,2,45.265222,51.50257,2430.16158,88.225836,255,2488661755,2013445797,255,0.106942,0.046243,0.060699,81,151,1,202,1,1,1,1,1,1,0,0,1,2,1,0,1,Exploits
0.496294,tcp,http,FIN,10,6,1058,268,30.224021,254,252,15361.86231,3610.762939,2,1,54.242,92.540203,3700.694403,173.497031,255,2843246734,1755982164,255,0.085633,0.033585,0.052048,106,45,1,0,2,1,1,2,1,1,0,0,1,2,1,0,1,Exploits
1.102848,tcp,pop3,FIN,30,100,1364,108430,116.969876,62,252,9567.954102,778682.0625,7,48,38.029241,10.993394,1832.923602,992.422011,255,2263852457,1922827134,255,0.058165,0.01343,0.044735,45,1084,0,0,1,1,1,1,1,1,0,0,0,2,1,0,1,Exploits
1.070851,tcp,-,FIN,12,10,994,840,19.610572,254,252,6813.272949,5647.844727,3,2,88.196366,108.53,5768.846141,147.911781,255,3890350016,3851185658,255,0.173005,0.094078,0.078927,83,84,0,0,2,1,2,1,1,2,0,0,0,1,2,0,1,Fuzzers
0.445744,tcp,-,FIN,10,8,648,354,38.138482,254,252,10481.35254,5563.731445,2,1,49.527111,53.139,3270.46697,108.706453,255,24717666,819632338,255,0.111049,0.060108,0.050941,65,44,0,0,9,1,2,2,1,2,0,0,0,2,9,0,1,Fuzzers
0.663751,tcp,http,FIN,10,8,884,2792,25.612014,62,252,9593.958984,29444.77734,2,2,73.750111,75.305289,3851.910528,146.958891,255,2362560893,2616587004,255,0.156923,0.095673,0.06125,88,349,1,969,1,1,1,1,1,1,0,0,1,2,1,0,1,Exploits
0.016512,udp,-,CON,2,2,168,152,181.686057,254,60,40697.67578,36821.70703,0,0,0.008,0.002,0.0,0.0,0,0,0,0,0.0,0.0,0.0,84,76,0,0,2,0,2,1,1,2,0,0,0,2,2,0,1,Exploits
2.809871,tcp,pop3,FIN,28,76,1304,79682,36.656488,62,252,3581.65918,223879.3125,7,36,104.069299,36.28744,5269.520443,3160.974755,255,1109459160,928086916,255,0.156867,0.087542,0.069325,47,1048,0,0,1,1,1,1,1,1,0,0,0,1,1,0,1,Exploits
0.609763,tcp,http,FIN,10,10,1338,1150,31.159646,254,252,15809.41992,13579.0459,2,2,67.751444,59.993109,4587.987741,108.384359,255,3897741365,3466719732,255,0.124329,0.069247,0.055082,134,115,0,0,1,1,1,1,1,1,0,0,0,2,1,0,1,Exploits
0.840355,tcp,smtp,FIN,42,22,31291,1912,74.968319,62,252,290791.4063,17383.13086,18,8,20.496463,39.228047,1406.436676,46.611707,255,1907709684,1788486837,255,0.053485,0.008398,0.045087,745,87,0,0,2,1,2,2,1,2,0,0,0,2,2,0,1,Exploits
0.762597,tcp,-,FIN,10,8,564,354,22.292245,254,252,5329.157715,3252.045166,2,1,79.940556,104.266859,5801.366948,144.679359,255,3210094047,2413742928,255,0.075188,0.03272,0.042468,56,44,0,0,1,1,1,1,1,1,0,0,0,1,1,0,1,Reconnaissance
0.932771,tcp,-,FIN,10,8,564,354,18.225266,254,252,4356.910645,2658.744629,2,1,97.265,125.964289,6124.493241,183.606266,255,3435617367,1283740578,255,0.095648,0.05101,0.044638,56,44,0,0,10,1,2,1,1,2,0,0,0,4,1,0,1,Reconnaissance
31.891287,tcp,-,FIN,20,12,3116,536,0.972052,254,252,742.773438,123.419289,4,1,1677.530368,2894.57375,226369.9785,8956.65,255,1122363548,3364557339,255,0.110545,0.05097,0.059575,156,45,0,0,7,1,3,3,2,3,0,0,0,4,4,0,1,Fuzzers
1.690641,tcp,-,FIN,34,26,23618,2018,34.898005,62,252,108474.8281,9184.681641,14,8,51.231548,65.372238,3813.128218,105.253375,255,1201506238,2812214457,255,0.129582,0.055633,0.073949,695,78,0,0,6,1,2,1,1,1,0,0,0,1,2,0,1,Exploits
0.278879,tcp,-,FIN,10,6,2612,268,53.78677,254,252,67441.4375,6425.726074,2,1,28.583889,46.333199,1581.90074,69.658898,255,1990178245,3423635059,255,0.10801,0.047203,0.060807,261,45,0,0,4,1,2,2,1,2,0,0,0,2,4,0,1,Fuzzers
0.828548,tcp,http,FIN,12,8,3654,354,22.931683,254,252,32345.74219,2993.187988,3,1,75.242907,110.600289,4395.529019,197.494359,255,4052097344,2218946338,255,0.148484,0.054337,0.094147,305,44,1,0,1,1,1,1,1,1,0,0,1,1,1,0,1,Fuzzers
