scenario,budget,seed,method,recovered,lost_baseline,net_attack_gain,added_fps_gross,removed_fps,net_fps,held_recall,overall_recall,observed_fpr,precision,held_recovered,evaluation_attack_rows,evaluation_benign_rows,frozen_plain_latent_threshold,frozen_lightgbm_threshold
Exploits,0.03,42,lightgbm,0,0,0,0,0,0,0.9385799419039919,0.9388745363010069,0.025063567017798764,0.9963620386643234,0,60384,8259,0.8173437383488653,0.7545684193828937
Exploits,0.03,42,selective_fusion,10,0,10,6,0,6,0.9386697810918456,0.9390401430842608,0.02579004722121322,0.9962576428420831,3,60384,8259,0.8173437383488653,0.7545684193828937
Exploits,0.03,42,plain_latent_recovery_only,454,0,454,20,0,20,0.9498098403857096,0.9463930842607313,0.027485167695846954,0.996043504026214,375,60384,8259,0.8173437383488653,0.7545684193828937
Exploits,0.05,42,lightgbm,0,0,0,0,0,0,0.9573563321654239,0.9575384207737149,0.046252572950720425,0.9934366516614549,0,60384,8259,0.6757786664467935,0.6469192827342729
Exploits,0.05,42,selective_fusion,28,0,28,8,0,8,0.9579852064804001,0.9580021197668257,0.0472212132219397,0.9933033414609018,21,60384,8259,0.6757786664467935,0.6469192827342729
Exploits,0.05,42,plain_latent_recovery_only,269,0,269,25,0,25,0.9636750217111371,0.9619932432432432,0.049279573798280664,0.9930422592997812,211,60384,8259,0.6757786664467935,0.6469192827342729
Exploits,0.03,123,lightgbm,0,0,0,0,0,0,0.9248045997664182,0.9298726178872718,0.027043269230769232,0.9959501781921596,0,59506,8320,0.824633512013772,0.7468571247879925
Exploits,0.03,123,selective_fusion,1,0,1,0,0,0,0.9248345461623694,0.9298894229153363,0.027043269230769232,0.9959502510844328,1,59506,8320,0.824633512013772,0.7468571247879925
Exploits,0.03,123,plain_latent_recovery_only,626,0,626,29,0,29,0.9419938310424341,0.9403925654555844,0.030528846153846153,0.995481472257307,574,59506,8320,0.824633512013772,0.7468571247879925
Exploits,0.05,123,lightgbm,0,0,0,0,0,0,0.9483125205881472,0.9516351292306658,0.04927884615384615,0.9928118096707458,0,59506,8320,0.6661806606878149,0.6342068506016308
Exploits,0.05,123,selective_fusion,271,0,271,2,0,2,0.9561884227233253,0.9561892918361173,0.04951923076923077,0.9928111531817627,263,59506,8320,0.6661806606878149,0.6342068506016308
Exploits,0.05,123,plain_latent_recovery_only,465,0,465,28,0,28,0.960650435720061,0.9594494672806103,0.05264423076923077,0.9923867132502477,412,59506,8320,0.6661806606878149,0.6342068506016308
Exploits,0.03,2026,lightgbm,0,0,0,0,0,0,0.9248045997664182,0.9295857392238486,0.02885417908668177,0.9956492817719289,0,59576,8387,0.8022706057741469,0.7572871398583407
Exploits,0.03,2026,selective_fusion,572,0,572,2,0,2,0.9413050639355554,0.9391869209077481,0.029092643376654344,0.9956581312169689,551,59576,8387,0.8022706057741469,0.7572871398583407
Exploits,0.03,2026,plain_latent_recovery_only,740,0,740,18,0,18,0.9442697571347288,0.942006848395327,0.031000357696434958,0.9953885174083468,650,59576,8387,0.8022706057741469,0.7572871398583407
Exploits,0.05,2026,lightgbm,0,0,0,0,0,0,0.9465456832270236,0.948720961460991,0.04554667938476213,0.9932868214329649,0,59576,8387,0.6520466096468083,0.6450927234661146
Exploits,0.05,2026,selective_fusion,187,0,187,0,0,0,0.9520258736861019,0.9518598093191889,0.04554667938476213,0.9933088106498511,183,59576,8387,0.6520466096468083,0.6450927234661146
Exploits,0.05,2026,plain_latent_recovery_only,446,0,446,20,0,20,0.9586140807953762,0.9562071975292064,0.0479313222844879,0.9929927312660147,403,59576,8387,0.6520466096468083,0.6450927234661146
Reconnaissance,0.01,42,lightgbm,0,0,0,0,0,0,0.4980459441425984,0.7299162843113579,0.007867344468651657,0.9982111404667547,0,49692,8262,0.9412676105594734,0.9081072221965232
Reconnaissance,0.01,42,selective_fusion,172,0,172,3,0,3,0.5082451625202554,0.7333776060532883,0.00823045267489712,0.998137547588398,107,49692,8262,0.9412676105594734,0.9081072221965232
Reconnaissance,0.01,42,plain_latent_recovery_only,1877,0,1877,20,0,20,0.5424649699742636,0.7676889640183531,0.0102880658436214,0.9977767896843042,466,49692,8262,0.9412676105594734,0.9081072221965232
Reconnaissance,0.03,42,lightgbm,0,0,0,0,0,0,0.8632160899818893,0.9249979876036384,0.026991043330912613,0.9951719061228025,0,49692,8262,0.8206133358851957,0.7347342975946521
Reconnaissance,0.03,42,selective_fusion,6,0,6,1,0,1,0.8635973691735773,0.9251187313853336,0.0271120793996611,0.9951509903669228,4,49692,8262,0.8206133358851957,0.7347342975946521
Reconnaissance,0.03,42,plain_latent_recovery_only,273,0,273,14,0,14,0.87265274997617,0.9304918296707719,0.02868554829339143,0.9949004841312533,99,49692,8262,0.8206133358851957,0.7347342975946521
Reconnaissance,0.05,42,lightgbm,0,0,0,0,0,0,0.953102659422362,0.9596917008774049,0.04744613894940692,0.9918470913666521,0,49692,8262,0.6549529896590126,0.6148406432290118
Reconnaissance,0.05,42,selective_fusion,2,0,2,0,0,0,0.953102659422362,0.9597319488046365,0.04744613894940692,0.9918474304847867,0,49692,8262,0.6549529896590126,0.6148406432290118
Reconnaissance,0.05,42,plain_latent_recovery_only,60,0,60,28,0,28,0.9557716137641789,0.9608991386943573,0.050835148874364564,0.9912806992048828,28,49692,8262,0.6549529896590126,0.6148406432290118
Reconnaissance,0.01,123,lightgbm,0,0,0,0,0,0,0.560671051377371,0.7796877847293932,0.00901009130225853,0.9980561387139414,0,49389,8324,0.913896506762398,0.8869280093703409
Reconnaissance,0.01,123,selective_fusion,1,0,1,0,0,0,0.560671051377371,0.7797080321529085,0.00901009130225853,0.9980561890939249,0,49389,8324,0.913896506762398,0.8869280093703409
Reconnaissance,0.01,123,plain_latent_recovery_only,1706,0,1706,20,0,20,0.5820226861119054,0.8142298892465933,0.011412782316194137,0.9976432062318589,224,49389,8324,0.913896506762398,0.8869280093703409
Reconnaissance,0.03,123,lightgbm,0,0,0,0,0,0,0.8462491659517681,0.9202858936200369,0.028952426717924074,0.9947256691396932,0,49389,8324,0.8013017654099139,0.7401033719800142
Reconnaissance,0.03,123,selective_fusion,8,0,8,2,0,2,0.8467257649413783,0.9204478730081597,0.029192695819317636,0.9946830623810253,5,49389,8324,0.8013017654099139,0.7401033719800142
Reconnaissance,0.03,123,plain_latent_recovery_only,236,0,236,20,0,20,0.8514917548374797,0.9250642855696612,0.031355117731859686,0.9943197893316503,55,49389,8324,0.8013017654099139,0.7401033719800142
Reconnaissance,0.05,123,lightgbm,0,0,0,0,0,0,0.942617481650939,0.9609224726153597,0.05261893320518981,0.9908553771634967,0,49389,8324,0.6061182573447899,0.6079312060336265
Reconnaissance,0.05,123,selective_fusion,1,0,1,2,0,2,0.942617481650939,0.960942720038875,0.05285920230658337,0.9908141962421712,0,49389,8324,0.6061182573447899,0.6079312060336265
Reconnaissance,0.05,123,plain_latent_recovery_only,95,0,95,24,0,24,0.9455723953865218,0.9628459778493187,0.05550216242191254,0.9903782072642453,31,49389,8324,0.6061182573447899,0.6079312060336265
Reconnaissance,0.01,2026,lightgbm,0,0,0,0,0,0,0.5494233152225717,0.7958091931283687,0.01097328244274809,0.9976717112922002,0,49537,8384,0.9219851987601964,0.8988676296785054
Reconnaissance,0.01,2026,selective_fusion,14,0,14,3,0,3,0.5496139548184158,0.7960918101621011,0.011331106870229007,0.9975968227467051,2,49537,8384,0.9219851987601964,0.8988676296785054
Reconnaissance,0.01,2026,plain_latent_recovery_only,2466,0,2466,29,0,29,0.5753503002573634,0.8455901649272262,0.014432251908396946,0.9971196648337262,272,49537,8384,0.9219851987601964,0.8988676296785054
Reconnaissance,0.03,2026,lightgbm,0,0,0,0,0,0,0.8340482318177486,0.9226638674122373,0.03244274809160305,0.9940841271912654,0,49537,8384,0.7670601064345477,0.7218812688368907
Reconnaissance,0.03,2026,selective_fusion,59,0,59,3,0,3,0.8384329425221618,0.9238548963401094,0.03280057251908397,0.9940269331016507,46,49537,8384,0.7670601064345477,0.7218812688368907
Reconnaissance,0.03,2026,plain_latent_recovery_only,297,0,297,11,0,11,0.8450100085787818,0.9286593859135596,0.033754770992366415,0.9938858402108629,115,49537,8384,0.7670601064345477,0.7218812688368907
Reconnaissance,0.05,2026,lightgbm,0,0,0,0,0,0,0.9284148317605566,0.9554272563942103,0.050811068702290074,0.9910794681185217,0,49537,8384,0.5949500179818551,0.5994627641307438
Reconnaissance,0.05,2026,selective_fusion,9,0,9,0,0,0,0.9287007911543228,0.9556089387730383,0.050811068702290074,0.9910811489824973,3,49537,8384,0.5949500179818551,0.5994627641307438
Reconnaissance,0.05,2026,plain_latent_recovery_only,125,0,125,24,0,24,0.9332761414545802,0.9579506227668207,0.05367366412213741,0.9906062124248497,51,49537,8384,0.5949500179818551,0.5994627641307438
DoS,0.01,42,lightgbm,0,0,0,0,0,0,0.922945205479452,0.899621339427752,0.009897404948702474,0.9979618720950464,0,44631,8285,0.928300594171878,0.888830787140548
DoS,0.01,42,selective_fusion,0,0,0,0,0,0,0.922945205479452,0.899621339427752,0.009897404948702474,0.9979618720950464,0,44631,8285,0.928300594171878,0.888830787140548
DoS,0.01,42,plain_latent_recovery_only,1261,0,1261,18,0,18,0.9563763861709067,0.9278752436647173,0.012070006035003017,0.9975910580073232,410,44631,8285,0.928300594171878,0.888830787140548
DoS,0.03,42,lightgbm,0,0,0,0,0,0,0.9793705153294194,0.9565100490690327,0.028605914302957152,0.994478999231253,0,44631,8285,0.7887411732230227,0.721759714897495
DoS,0.03,42,selective_fusion,2,0,2,1,0,1,0.9795335942596216,0.9565548609710739,0.02872661436330718,0.9944560913114372,2,44631,8285,0.7887411732230227,0.721759714897495
DoS,0.03,42,plain_latent_recovery_only,138,0,138,22,0,22,0.9829582517938682,0.9596020703098743,0.031261315630657815,0.9939889061665932,44,44631,8285,0.7887411732230227,0.721759714897495
DoS,0.05,42,lightgbm,0,0,0,0,0,0,0.9876875407697325,0.9721494028814053,0.05105612552806276,0.990344890552601,0,44631,8285,0.5981949348795256,0.5904107638993288
DoS,0.05,42,selective_fusion,18,0,18,6,0,6,0.9879321591650359,0.9725527099997759,0.051780325890162945,0.9902132998745294,3,44631,8285,0.5981949348795256,0.5904107638993288
DoS,0.05,42,plain_latent_recovery_only,121,0,121,30,0,30,0.9899706457925636,0.9748605229548968,0.05467712733856367,0.9896956462399344,28,44631,8285,0.5981949348795256,0.5904107638993288
DoS,0.01,123,lightgbm,0,0,0,0,0,0,0.8871493803000652,0.8695995309822314,0.0093964582580412,0.9979815231736666,0,44348,8301,0.9411086377514818,0.8902809040159053
DoS,0.01,123,selective_fusion,0,0,0,0,0,0,0.8871493803000652,0.8695995309822314,0.0093964582580412,0.9979815231736666,0,44348,8301,0.9411086377514818,0.8902809040159053
DoS,0.01,123,plain_latent_recovery_only,200,0,200,6,0,6,0.8930202217873451,0.8741093172183638,0.010119262739428984,0.9978377821822956,72,44348,8301,0.9411086377514818,0.8902809040159053
DoS,0.03,123,lightgbm,0,0,0,0,0,0,0.9705642530984997,0.9480698114909353,0.024695819780749306,0.9951479289940829,0,44348,8301,0.8063308979826768,0.7541889065486587
DoS,0.03,123,selective_fusion,9,0,9,1,0,1,0.9711350293542075,0.9482727518715612,0.02481628719431394,0.9951254141031709,7,44348,8301,0.8063308979826768,0.7541889065486587
DoS,0.03,123,plain_latent_recovery_only,168,0,168,25,0,25,0.9755381604696673,0.9518580319292865,0.027707505119865077,0.9945809674151215,61,44348,8301,0.8063308979826768,0.7541889065486587
DoS,0.05,123,lightgbm,0,0,0,0,0,0,0.9817351598173516,0.9641922972851087,0.04409107336465486,0.9915132402726893,0,44348,8301,0.649364128754017,0.6346692109417843
DoS,0.05,123,selective_fusion,6,0,6,5,0,5,0.9818982387475538,0.9643275908721927,0.044693410432478015,0.9913994946333774,2,44348,8301,0.649364128754017,0.6346692109417843
DoS,0.05,123,plain_latent_recovery_only,75,0,75,20,0,20,0.9828767123287672,0.9658834671236584,0.046500421635947475,0.9910691561972189,14,44348,8301,0.649364128754017,0.6346692109417843
DoS,0.01,2026,lightgbm,0,0,0,0,0,0,0.9552348336594912,0.9305814006263332,0.016348448687350834,0.9966702313824616,0,44066,8380,0.8917420216489195,0.8555583088737222
DoS,0.01,2026,selective_fusion,9,0,9,0,0,0,0.9555609915198956,0.9307856397222348,0.016348448687350834,0.9966709595898233,4,44066,8380,0.8917420216489195,0.8555583088737222
DoS,0.01,2026,plain_latent_recovery_only,338,0,338,19,0,19,0.9643672537508154,0.9382517133390823,0.018615751789976133,0.9962410544324233,112,44066,8380,0.8917420216489195,0.8555583088737222
DoS,0.03,2026,lightgbm,0,0,0,0,0,0,0.9796966731898239,0.9603322289293332,0.034128878281622914,0.9932870153037273,0,44066,8380,0.6957458537351594,0.6855149601906395
DoS,0.03,2026,selective_fusion,5,0,5,0,0,0,0.9797782126549249,0.960445695093723,0.034128878281622914,0.9932878030463048,1,44066,8380,0.6957458537351594,0.6855149601906395
DoS,0.03,2026,plain_latent_recovery_only,68,0,68,24,0,24,0.9810013046314416,0.9618753687650343,0.03699284009546539,0.9927393666854037,16,44066,8380,0.6957458537351594,0.6855149601906395
DoS,0.05,2026,lightgbm,0,0,0,0,0,0,0.9852413568166993,0.9715199927381655,0.054534606205250594,0.9894379217897753,0,44066,8380,0.48540076510658436,0.5564836130963297
DoS,0.05,2026,selective_fusion,8,0,8,1,0,1,0.9852413568166993,0.9717015386011891,0.054653937947494034,0.9894170113455184,0,44066,8380,0.48540076510658436,0.5564836130963297
DoS,0.05,2026,plain_latent_recovery_only,82,0,82,11,0,11,0.9869536855838226,0.9733808378341579,0.0558472553699284,0.9892068909849865,21,44066,8380,0.48540076510658436,0.5564836130963297
none,0.01,42,lightgbm,0,0,0,0,0,0,,0.8879956248290949,0.009761388286334056,0.9950361563917147,0,18285,8298,0.9216750157443121,0.8630851398710006
none,0.01,42,selective_fusion,6,0,6,0,0,0,,0.8883237626469784,0.009761388286334056,0.9950379808870375,0,18285,8298,0.9216750157443121,0.8630851398710006
none,0.01,42,plain_latent_recovery_only,67,0,67,9,0,9,,0.8916598304621274,0.010845986984815618,0.9945101866536538,0,18285,8298,0.9216750157443121,0.8630851398710006
none,0.03,42,lightgbm,0,0,0,0,0,0,,0.9266065080667214,0.02735598939503495,0.9867792661619104,0,18285,8298,0.7606295019540642,0.6978202256256647
none,0.03,42,selective_fusion,0,0,0,0,0,0,,0.9266065080667214,0.02735598939503495,0.9867792661619104,0,18285,8298,0.7606295019540642,0.6978202256256647
none,0.03,42,plain_latent_recovery_only,32,0,32,12,0,12,,0.9283565764287668,0.028802120993010365,0.9861159521319856,0,18285,8298,0.7606295019540642,0.6978202256256647
none,0.05,42,lightgbm,0,0,0,0,0,0,,0.9504511894995898,0.049047963364666186,0.9771168334645226,0,18285,8298,0.486005418074931,0.5515350455724304
none,0.05,42,selective_fusion,0,0,0,0,0,0,,0.9504511894995898,0.049047963364666186,0.9771168334645226,0,18285,8298,0.486005418074931,0.5515350455724304
none,0.05,42,plain_latent_recovery_only,64,0,64,25,0,25,,0.9539513262236806,0.052060737527114966,0.9758321678321679,0,18285,8298,0.486005418074931,0.5515350455724304
none,0.01,123,lightgbm,0,0,0,0,0,0,,0.8852423028373855,0.011187297004691447,0.9942673981384454,0,18221,8313,0.9243683151476867,0.8681974538944108
none,0.01,123,selective_fusion,0,0,0,0,0,0,,0.8852423028373855,0.011187297004691447,0.9942673981384454,0,18221,8313,0.9243683151476867,0.8681974538944108
none,0.01,123,plain_latent_recovery_only,84,0,84,17,0,17,,0.889852368146644,0.013232286779742572,0.9932614555256065,0,18221,8313,0.9243683151476867,0.8681974538944108
none,0.03,123,lightgbm,0,0,0,0,0,0,,0.9262389550518633,0.02959220498015157,0.9856333586404251,0,18221,8313,0.777465680190184,0.6919265344030638
none,0.03,123,selective_fusion,2,0,2,0,0,0,,0.9263487185116075,0.02959220498015157,0.9856350364963503,0,18221,8313,0.777465680190184,0.6919265344030638
none,0.03,123,plain_latent_recovery_only,38,0,38,13,0,13,,0.928324460787004,0.031156020690484783,0.9849190637009433,0,18221,8313,0.777465680190184,0.6919265344030638
none,0.05,123,lightgbm,0,0,0,0,0,0,,0.9530212392294605,0.052808853602790806,0.9753426196360369,0,18221,8313,0.5369718612473476,0.5480375455043739
none,0.05,123,selective_fusion,0,0,0,0,0,0,,0.9530212392294605,0.052808853602790806,0.9753426196360369,0,18221,8313,0.5369718612473476,0.5480375455043739
none,0.05,123,plain_latent_recovery_only,33,0,33,24,0,24,,0.9548323363152407,0.05569589799109828,0.9740775992385645,0,18221,8313,0.5369718612473476,0.5480375455043739
none,0.01,2026,lightgbm,0,0,0,0,0,0,,0.8946203232233784,0.012661251791686574,0.9934849416103257,0,18068,8372,0.927733010600351,0.8599444888350419
none,0.01,2026,selective_fusion,7,0,7,6,0,6,,0.8950077485056454,0.013377926421404682,0.9931216606276485,0,18068,8372,0.927733010600351,0.8599444888350419
none,0.01,2026,plain_latent_recovery_only,48,0,48,21,0,21,,0.897276953730352,0.015169612995699952,0.992227186486321,0,18068,8372,0.927733010600351,0.8599444888350419
none,0.03,2026,lightgbm,0,0,0,0,0,0,,0.9364622537082135,0.034519827998088864,0.9832064617351386,0,18068,8372,0.7317632175752747,0.6581818724119789
none,0.03,2026,selective_fusion,4,0,4,0,0,0,,0.9366836395837945,0.034519827998088864,0.9832103642595712,0,18068,8372,0.7317632175752747,0.6581818724119789
none,0.03,2026,plain_latent_recovery_only,18,0,18,8,0,8,,0.9374584901483285,0.035475394171046344,0.9827676240208877,0,18068,8372,0.7317632175752747,0.6581818724119789
none,0.05,2026,lightgbm,0,0,0,0,0,0,,0.9534536196590657,0.050525561395126616,0.9760339943342776,0,18068,8372,0.5079601015210333,0.5441572187396378
none,0.05,2026,selective_fusion,1,0,1,3,0,3,,0.953508966127961,0.050883898709985664,0.9758694913334088,0,18068,8372,0.5079601015210333,0.5441572187396378
none,0.05,2026,plain_latent_recovery_only,20,0,20,13,0,13,,0.9545605490369714,0.05207835642618251,0.9753435503025505,0,18068,8372,0.5079601015210333,0.5441572187396378
