scenario,budget,method,recovered_mean,recovered_std,recovered_min,recovered_max,lost_baseline_mean,lost_baseline_std,lost_baseline_min,lost_baseline_max,net_attack_gain_mean,net_attack_gain_std,net_attack_gain_min,net_attack_gain_max,added_fps_gross_mean,added_fps_gross_std,added_fps_gross_min,added_fps_gross_max,removed_fps_mean,removed_fps_std,removed_fps_min,removed_fps_max,net_fps_mean,net_fps_std,net_fps_min,net_fps_max,held_recall_mean,held_recall_std,held_recall_min,held_recall_max,overall_recall_mean,overall_recall_std,overall_recall_min,overall_recall_max,observed_fpr_mean,observed_fpr_std,observed_fpr_min,observed_fpr_max,precision_mean,precision_std,precision_min,precision_max,held_recovered_mean,held_recovered_std,held_recovered_min,held_recovered_max
DoS,0.01,lightgbm,0.0,0.0,0,0,0.0,0.0,0,0,0.0,0.0,0,0,0.0,0.0,0,0,0.0,0.0,0,0,0.0,0.0,0,0,0.9217764731463362,0.03405776990995591,0.8871493803000652,0.9552348336594912,0.8999340903454388,0.030492137776399683,0.8695995309822314,0.9305814006263332,0.011880770631364836,0.0038772215961530034,0.0093964582580412,0.016348448687350834,0.9975378755503915,0.0007514661288640031,0.9966702313824616,0.9979815231736666,0.0,0.0,0,0
DoS,0.01,plain_latent_recovery_only,599.6666666666666,576.8728918343567,200,1261,0.0,0.0,0,0,599.6666666666666,576.8728918343567,200,1261,14.333333333333334,7.234178138070234,6,19,0.0,0.0,0,0,14.333333333333334,7.234178138070234,6,19,0.9379212872363558,0.03909018738778524,0.8930202217873451,0.9643672537508154,0.9134120914073879,0.03443034744147686,0.8741093172183638,0.9382517133390823,0.013601673521469378,0.004450515196394742,0.010119262739428984,0.018615751789976133,0.9972232982073473,0.0008595465837648115,0.9962410544324233,0.9978377821822956,198.0,184.6835130703334,72,410
DoS,0.01,selective_fusion,3.0,5.196152422706632,0,9,0.0,0.0,0,0,3.0,5.196152422706632,0,9,0.0,0.0,0,0,0.0,0.0,0,0,0.0,0.0,0,0,0.9218851924331376,0.03421812178023619,0.8871493803000652,0.9555609915198956,0.9000021700440728,0.030594832074300145,0.8695995309822314,0.9307856397222348,0.011880770631364836,0.0038772215961530034,0.0093964582580412,0.016348448687350834,0.9975381182861788,0.0007510457341077018,0.9966709595898233,0.9979815231736666,1.3333333333333333,2.3094010767585034,0,4
DoS,0.03,lightgbm,0.0,0.0,0,0,0.0,0.0,0,0,0.0,0.0,0,0,0.0,0.0,0,0,0.0,0.0,0,0,0.0,0.0,0,0,0.9765438138725809,0.005181018724698333,0.9705642530984997,0.9796966731898239,0.9549706964964337,0.006274466121946699,0.9480698114909353,0.9603322289293332,0.02914353745510979,0.004739454310416323,0.024695819780749306,0.034128878281622914,0.9943046478430211,0.0009426286361404559,0.9932870153037273,0.9951479289940829,0.0,0.0,0,0
DoS,0.03,plain_latent_recovery_only,124.66666666666667,51.316014394468844,68,168,0.0,0.0,0,0,124.66666666666667,51.316014394468844,68,168,23.666666666666668,1.5275252316519465,22,25,0.0,0.0,0,0,23.666666666666668,1.5275252316519465,22,25,0.9798325722983258,0.003845632622173245,0.9755381604696673,0.9829582517938682,0.9577784903347317,0.0052517465918028835,0.9518580319292865,0.9618753687650343,0.0319872202819961,0.0046850362404577545,0.027707505119865077,0.03699284009546539,0.9937697467557062,0.0009401576715952591,0.9927393666854037,0.9945809674151215,40.333333333333336,22.72296928953902,16,61
DoS,0.03,selective_fusion,5.333333333333333,3.5118845842842465,2,9,0.0,0.0,0,0,5.333333333333333,3.5118845842842465,2,9,0.6666666666666666,0.5773502691896258,0,1,0.0,0.0,0,0,0.6666666666666666,0.5773502691896258,0,1,0.9768156120895847,0.004921049146262336,0.9711350293542075,0.9797782126549249,0.9550911026454528,0.006217079539410976,0.9482727518715612,0.960445695093723,0.029223926613081347,0.0046761712752195275,0.02481628719431394,0.034128878281622914,0.9942897694869709,0.0009300273173673388,0.9932878030463048,0.9951254141031709,3.3333333333333335,3.214550253664318,1,7
DoS,0.05,lightgbm,0.0,0.0,0,0,0.0,0.0,0,0,0.0,0.0,0,0,0.0,0.0,0,0,0.0,0.0,0,0,0.0,0.0,0,0,0.9848880191345945,0.002991879908813731,0.9817351598173516,0.9876875407697325,0.9692872309682264,0.004423550746699929,0.9641922972851087,0.9721494028814053,0.04989393503265607,0.005317881120226421,0.04409107336465486,0.054534606205250594,0.9904320175383553,0.0010403989788134423,0.9894379217897753,0.9915132402726893,0.0,0.0,0,0
DoS,0.05,plain_latent_recovery_only,92.66666666666667,24.78574859336174,75,121,0.0,0.0,0,0,92.66666666666667,24.78574859336174,75,121,20.333333333333332,9.504384952922168,11,30,0.0,0.0,0,0,20.333333333333332,9.504384952922168,11,30,0.9866003479017178,0.00356014165945525,0.9828767123287672,0.9899706457925636,0.971374942637571,0.004812961095215758,0.9658834671236584,0.9748605229548968,0.052341601448146514,0.005092331106799476,0.046500421635947475,0.0558472553699284,0.9899905644740467,0.0009655260243937885,0.9892068909849865,0.9910691561972189,21.0,7.0,14,28
DoS,0.05,selective_fusion,10.666666666666666,6.429100507328636,6,18,0.0,0.0,0,0,10.666666666666666,6.429100507328636,6,18,4.0,2.6457513110645907,1,6,0.0,0.0,0,0,4.0,2.6457513110645907,1,6,0.9850239182430963,0.003022831214456819,0.9818982387475538,0.9879321591650359,0.9695272798243858,0.0045231291256290105,0.9643275908721927,0.9725527099997759,0.05037589142337833,0.005126631859512368,0.044693410432478015,0.054653937947494034,0.9903432686178085,0.0009976115989362771,0.9894170113455184,0.9913994946333774,1.6666666666666667,1.5275252316519465,0,3
Exploits,0.03,lightgbm,0.0,0.0,0,0,0.0,0.0,0,0,0.0,0.0,0,0,0.0,0.0,0,0,0.0,0.0,0,0,0.0,0.0,0,0,0.9293963804789427,0.007953197491307362,0.9248045997664182,0.9385799419039919,0.9327776311373758,0.005282022744424337,0.9295857392238486,0.9388745363010069,0.026987005111749923,0.001895932277932716,0.025063567017798764,0.02885417908668177,0.9959871662094706,0.0003578151505770086,0.9956492817719289,0.9963620386643234,0.0,0.0,0,0
Exploits,0.03,plain_latent_recovery_only,606.6666666666666,143.9768499910084,454,740,0.0,0.0,0,0,606.6666666666666,143.9768499910084,454,740,22.333333333333332,5.859465277082315,18,29,0.0,0.0,0,0,22.333333333333332,5.859465277082315,18,29,0.9453578095209575,0.004019999254965854,0.9419938310424341,0.9498098403857096,0.9429308327038809,0.0031051355420610455,0.9403925654555844,0.9463930842607313,0.029671457182042688,0.0019080034255173964,0.027485167695846954,0.031000357696434958,0.9956378312306225,0.00035438392147290086,0.9953885174083468,0.996043504026214,533.0,142.01056298740596,375,650
Exploits,0.03,selective_fusion,194.33333333333334,327.0998828084983,1,572,0.0,0.0,0,0,194.33333333333334,327.0998828084983,1,572,2.6666666666666665,3.0550504633038935,0,6,0.0,0.0,0,0,2.6666666666666665,3.0550504633038935,0,6,0.9349364637299235,0.008847187848284399,0.9248345461623694,0.9413050639355554,0.936038828969115,0.005326047506646489,0.9298894229153363,0.9391869209077481,0.027308653276212264,0.0016672153010830366,0.02579004722121322,0.029092643376654344,0.995955341714495,0.0002997882303353622,0.9956581312169689,0.9962576428420831,185.0,316.96687524093113,1,551
Exploits,0.05,lightgbm,0.0,0.0,0,0,0.0,0.0,0,0,0.0,0.0,0,0,0.0,0.0,0,0,0.0,0.0,0,0,0.0,0.0,0,0,0.9507381786601982,0.005799171960652173,0.9465456832270236,0.9573563321654239,0.9526315038217906,0.0044923789830405405,0.948720961460991,0.9575384207737149,0.047026032829776236,0.0019826616797743216,0.04554667938476213,0.04927884615384615,0.9931784275883885,0.000326218941042465,0.9928118096707458,0.9934366516614549,0.0,0.0,0,0
Exploits,0.05,plain_latent_recovery_only,393.3333333333333,108.09409481249813,269,465,0.0,0.0,0,0,393.3333333333333,108.09409481249813,269,465,24.333333333333332,4.04145188432738,20,28,0.0,0.0,0,0,24.333333333333332,4.04145188432738,20,28,0.9609798460755248,0.0025465003681367374,0.9586140807953762,0.9636750217111371,0.9592166360176866,0.002900041215047949,0.9562071975292064,0.9619932432432432,0.049951708950666446,0.002427282604826812,0.0479313222844879,0.05264423076923077,0.9928072346053479,0.0003650231692696124,0.9923867132502477,0.9930422592997812,342.0,113.53853971229329,211,412
Exploits,0.05,selective_fusion,162.0,123.41393762456492,28,271,0.0,0.0,0,0,162.0,123.41393762456492,28,271,3.3333333333333335,4.163331998932265,0,8,0.0,0.0,0,0,3.3333333333333335,4.163331998932265,0,8,0.9553998342966091,0.0030569291156915396,0.9520258736861019,0.9579852064804001,0.9553504069740439,0.0031559135393177096,0.9518598093191889,0.9580021197668257,0.04742904112531087,0.0019944135613321665,0.04554667938476213,0.04951923076923077,0.9931411017641718,0.0002857569391673606,0.9928111531817627,0.9933088106498511,155.66666666666666,123.29368732150618,21,263
Reconnaissance,0.01,lightgbm,0.0,0.0,0,0,0.0,0.0,0,0,0.0,0.0,0,0,0.0,0.0,0,0,0.0,0.0,0,0,0.0,0.0,0,0,0.5360467702475137,0.033386748578500464,0.4980459441425984,0.560671051377371,0.7684710873897066,0.034348647462444926,0.7299162843113579,0.7958091931283687,0.009283572737886093,0.0015709254426796485,0.007867344468651657,0.01097328244274809,0.9979796634909656,0.00027772703035004785,0.9976717112922002,0.9982111404667547,0.0,0.0,0,0
Reconnaissance,0.01,plain_latent_recovery_only,2016.3333333333333,398.69829863360764,1706,2466,0.0,0.0,0,0,2016.3333333333333,398.69829863360764,1706,2466,23.0,5.196152422706632,20,29,0.0,0.0,0,0,23.0,5.196152422706632,20,29,0.5666126521145108,0.0211769473203241,0.5424649699742636,0.5820226861119054,0.8091696727307243,0.03919634701285006,0.7676889640183531,0.8455901649272262,0.01204436668940416,0.002143068746035059,0.0102880658436214,0.014432251908396946,0.9975132202499631,0.00034731186839615544,0.9971196648337262,0.9977767896843042,320.6666666666667,128.1301421732347,224,466
Reconnaissance,0.01,selective_fusion,62.333333333333336,95.19628844305504,1,172,0.0,0.0,0,0,62.333333333333336,95.19628844305504,1,172,2.0,1.7320508075688772,0,3,0.0,0.0,0,0,2.0,1.7320508075688772,0,3,0.5395100562386808,0.027634851736472895,0.5082451625202554,0.560671051377371,0.769725816122766,0.0325269323316046,0.7333776060532883,0.7960918101621011,0.009523883615794886,0.0016129169277566925,0.00823045267489712,0.011331106870229007,0.9979301864763427,0.0002915533113071025,0.9975968227467051,0.998137547588398,36.333333333333336,61.2072980398035,0,107
Reconnaissance,0.03,lightgbm,0.0,0.0,0,0,0.0,0.0,0,0,0.0,0.0,0,0,0.0,0.0,0,0,0.0,0.0,0,0,0.0,0.0,0,0,0.8478378292504686,0.014648681707864913,0.8340482318177486,0.8632160899818893,0.9226492495453043,0.0023560810022362354,0.9202858936200369,0.9249979876036384,0.02946207271347991,0.0027613539215434295,0.026991043330912613,0.03244274809160305,0.994660567484587,0.0005468038223139623,0.9940841271912654,0.9951719061228025,0.0,0.0,0,0
Reconnaissance,0.03,plain_latent_recovery_only,268.6666666666667,30.730007050655438,236,297,0.0,0.0,0,0,268.6666666666667,30.730007050655438,236,297,15.0,4.58257569495584,11,20,0.0,0.0,0,0,15.0,4.58257569495584,11,20,0.8563848377974773,0.014456382107248825,0.8450100085787818,0.87265274997617,0.9280718337179975,0.0027610635503837293,0.9250642855696612,0.9304918296707719,0.03126514567253918,0.0025358087312619985,0.02868554829339143,0.033754770992366415,0.9943687045579223,0.0005090875129260321,0.9938858402108629,0.9949004841312533,89.66666666666667,31.069813860616115,55,115
Reconnaissance,0.03,selective_fusion,24.333333333333332,30.03886371574886,6,59,0.0,0.0,0,0,24.333333333333332,30.03886371574886,6,59,2.0,1.0,1,3,0.0,0.0,0,0,2.0,1.0,1,3,0.8495853588790392,0.01282361299672787,0.8384329425221618,0.8635973691735773,0.9231405002445342,0.0024159885825338363,0.9204478730081597,0.9251187313853336,0.029701782579354238,0.002878213940860503,0.0271120793996611,0.03280057251908397,0.9946203286165329,0.0005646484107905423,0.9940269331016507,0.9951509903669228,18.333333333333332,23.96525262402492,4,46
Reconnaissance,0.05,lightgbm,0.0,0.0,0,0,0.0,0.0,0,0,0.0,0.0,0,0,0.0,0.0,0,0,0.0,0.0,0,0,0.0,0.0,0,0,0.9413783242779526,0.012390473837227564,0.9284148317605566,0.953102659422362,0.9586804766289916,0.0028837963155760736,0.9554272563942103,0.9609224726153597,0.0502920469522956,0.0026251643350256393,0.04744613894940692,0.05261893320518981,0.9912606455495568,0.0005200896185489054,0.9908553771634967,0.9918470913666521,0.0,0.0,0,0
Reconnaissance,0.05,plain_latent_recovery_only,93.33333333333333,32.53203549323856,60,125,0.0,0.0,0,0,93.33333333333333,32.53203549323856,60,125,25.333333333333332,2.309401076758503,24,28,0.0,0.0,0,0,25.333333333333332,2.309401076758503,24,28,0.9448733835350936,0.011264014905188423,0.9332761414545802,0.9557716137641789,0.9605652464368323,0.0024646984350343596,0.9579506227668207,0.9628459778493187,0.05333699180613818,0.0023516515578459545,0.050835148874364564,0.05550216242191254,0.9907550396313259,0.00046929210388579933,0.9903782072642453,0.9912806992048828,36.666666666666664,12.50333288900737,28,51
Reconnaissance,0.05,selective_fusion,4.0,4.358898943540674,1,9,0.0,0.0,0,0,4.0,4.358898943540674,1,9,0.6666666666666666,1.1547005383792517,0,2,0.0,0.0,0,0,0.6666666666666666,1.1547005383792517,0,2,0.9414736440758746,0.012241081122240824,0.9287007911543228,0.953102659422362,0.95876120253885,0.0027962594447496747,0.9556089387730383,0.960942720038875,0.050372136652760115,0.00273309526641133,0.04744613894940692,0.05285920230658337,0.9912475919031518,0.0005363494051505283,0.9908141962421712,0.9918474304847867,1.0,1.7320508075688772,0,3
none,0.01,lightgbm,0.0,0.0,0,0,0.0,0.0,0,0,0.0,0.0,0,0,0.0,0.0,0,0,0.0,0.0,0,0,0.0,0.0,0,0,,,,,0.889286083629953,0.004820350560649935,0.8852423028373855,0.8946203232233784,0.011203312360904027,0.0014499980883245364,0.009761388286334056,0.012661251791686574,0.9942628320468286,0.0007756174710476547,0.9934849416103257,0.9950361563917147,0.0,0.0,0,0
none,0.01,plain_latent_recovery_only,66.33333333333333,18.009256878986797,48,84,0.0,0.0,0,0,66.33333333333333,18.009256878986797,48,84,15.666666666666666,6.110100926607787,9,21,0.0,0.0,0,0,15.666666666666666,6.110100926607787,9,21,,,,,0.8929297174463745,0.0038717667139202745,0.889852368146644,0.897276953730352,0.013082628920086048,0.0021656947099525873,0.010845986984815618,0.015169612995699952,0.993332942888527,0.0011431777085402898,0.992227186486321,0.9945101866536538,0.0,0.0,0,0
none,0.01,selective_fusion,4.333333333333333,3.7859388972001824,0,7,0.0,0.0,0,0,4.333333333333333,3.7859388972001824,0,7,2.0,3.4641016151377544,0,6,0.0,0.0,0,0,2.0,3.4641016151377544,0,6,,,,,0.8895246046633364,0.0049922438277914755,0.8852423028373855,0.8950077485056454,0.011442203904143395,0.0018216943119377038,0.009761388286334056,0.013377926421404682,0.9941423465510438,0.0009642609910029103,0.9931216606276485,0.9950379808870375,0.0,0.0,0,0
none,0.03,lightgbm,0.0,0.0,0,0,0.0,0.0,0,0,0.0,0.0,0,0,0.0,0.0,0,0,0.0,0.0,0,0,0.0,0.0,0,0,,,,,0.9297692389422659,0.00579923346637945,0.9262389550518633,0.9364622537082135,0.030489340791091796,0.0036652128696850464,0.02735598939503495,0.034519827998088864,0.985206362179158,0.0018242744726167039,0.9832064617351386,0.9867792661619104,0.0,0.0,0,0
none,0.03,plain_latent_recovery_only,29.333333333333332,10.263202878893768,18,38,0.0,0.0,0,0,29.333333333333332,10.263202878893768,18,38,11.0,2.6457513110645907,8,13,0.0,0.0,0,0,11.0,2.6457513110645907,8,13,,,,,0.9313798424546998,0.005264287814230361,0.928324460787004,0.9374584901483285,0.031811178618180495,0.003384533595614101,0.028802120993010365,0.035475394171046344,0.9846008799512722,0.0016966897061066223,0.9827676240208877,0.9861159521319856,0.0,0.0,0,0
none,0.03,selective_fusion,2.0,2.0,0,4,0.0,0.0,0,0,2.0,2.0,0,4,0.0,0.0,0,0,0.0,0.0,0,0,0.0,0.0,0,0,,,,,0.9298796220540412,0.005893861618037429,0.9263487185116075,0.9366836395837945,0.030489340791091796,0.0036652128696850464,0.02735598939503495,0.034519827998088864,0.985208222305944,0.0018223317376315658,0.9832103642595712,0.9867792661619104,0.0,0.0,0,0
none,0.05,lightgbm,0.0,0.0,0,0,0.0,0.0,0,0,0.0,0.0,0,0,0.0,0.0,0,0,0.0,0.0,0,0,0.0,0.0,0,0,,,,,0.9523086827960388,0.0016230986472610671,0.9504511894995898,0.9534536196590657,0.050794126120861205,0.0018947741566574462,0.049047963364666186,0.052808853602790806,0.976164482478279,0.0008942757092145652,0.9753426196360369,0.9771168334645226,0.0,0.0,0,0
none,0.05,plain_latent_recovery_only,39.0,22.60530911091463,20,64,0.0,0.0,0,0,39.0,22.60530911091463,20,64,20.666666666666668,6.658328118479393,13,25,0.0,0.0,0,0,20.666666666666668,6.658328118479393,13,25,,,,,0.9544480705252975,0.0004511466026126791,0.9539513262236806,0.9548323363152407,0.05327833064813192,0.0020936932678246264,0.052060737527114966,0.05569589799109828,0.9750844391244277,0.0009055284034120422,0.9740775992385645,0.9758321678321679,0.0,0.0,0,0
none,0.05,selective_fusion,0.3333333333333333,0.5773502691896258,0,1,0.0,0.0,0,0,0.3333333333333333,0.5773502691896258,0,1,1.0,1.7320508075688772,0,3,0.0,0.0,0,0,1.0,1.7320508075688772,0,3,,,,,0.9523271316190037,0.0016428142038659363,0.9504511894995898,0.953508966127961,0.050913571892480886,0.0018806207004935396,0.049047963364666186,0.052808853602790806,0.9761096481446562,0.0009111614279527249,0.9753426196360369,0.9771168334645226,0.0,0.0,0,0
