scenario,budget,seed,extra_attacks_vs_selective,extra_fps_vs_selective,candidate_only_attack_detections,selective_only_attack_detections
Exploits,0.03,42,444,14,444,0
Exploits,0.05,42,241,17,241,0
Exploits,0.03,123,625,29,625,0
Exploits,0.05,123,194,26,194,0
Exploits,0.03,2026,168,16,261,93
Exploits,0.05,2026,259,20,261,2
Reconnaissance,0.01,42,1705,17,1712,7
Reconnaissance,0.03,42,267,13,267,0
Reconnaissance,0.05,42,58,28,58,0
Reconnaissance,0.01,123,1705,20,1705,0
Reconnaissance,0.03,123,228,18,229,1
Reconnaissance,0.05,123,94,22,94,0
Reconnaissance,0.01,2026,2452,26,2455,3
Reconnaissance,0.03,2026,238,8,239,1
Reconnaissance,0.05,2026,116,24,116,0
DoS,0.01,42,1261,18,1261,0
DoS,0.03,42,136,21,136,0
DoS,0.05,42,103,24,103,0
DoS,0.01,123,200,6,200,0
DoS,0.03,123,159,24,160,1
DoS,0.05,123,69,15,69,0
DoS,0.01,2026,329,19,329,0
DoS,0.03,2026,63,24,63,0
DoS,0.05,2026,74,10,74,0
none,0.01,42,61,9,61,0
none,0.03,42,32,12,32,0
none,0.05,42,64,25,64,0
none,0.01,123,84,17,84,0
none,0.03,123,36,13,36,0
none,0.05,123,33,24,33,0
none,0.01,2026,41,15,41,0
none,0.03,2026,14,8,14,0
none,0.05,2026,19,10,19,0
