experiment,name,accuracy,precision,recall,f1,fpr
confidence_ae_20261007,Mode confidence/recall95,0.9063061749987854,0.877493677999438,0.964484249536751,0.9189348241871413,0.16497297297297298
uncertainty_residuals_20261007,Previous confidence rule,0.9063061749987854,0.877493677999438,0.964484249536751,0.9189348241871413,0.16497297297297298
uncertainty_residuals_20261007,Total-error logistic,0.9063183209444687,0.8779208776194973,0.9638886437836407,0.9188984574619097,0.1642162162162162
uncertainty_residuals_20261007,Uncertainty band,0.9062332993246854,0.877388023759833,0.964484249536751,0.9188768862174772,0.16513513513513514
confidence_ae_20261007,Binary threshold/recall95,0.9056624398775689,0.87695426174564,0.9639107032559782,0.9183787135215796,0.1657027027027027
uncertainty_residuals_20261007,Binary threshold,0.9056624398775689,0.87695426174564,0.9639107032559782,0.9183787135215796,0.1657027027027027
working_v2_baseline_fusion_20261005,Selective gate=0.4 q=0.99,0.9038891318078024,0.8725136884021901,0.9666901967704932,0.9171907866508996,0.173054054054054
working_v2_baseline_fusion_20261005,LightGBM,0.9039862993732692,0.8735453220751742,0.965366628430248,0.9171635456726992,0.1712162162162162
stacked_baseline_ae_20261005,LightGBM,0.9039862993732692,0.8735453220751742,0.965366628430248,0.9171635456726992,0.1712162162162162
uncertainty_residuals_20261007,Current binary,0.9039862993732692,0.8735453220751742,0.9653666284302479,0.9171635456726991,0.17121621621621622
confidence_ae_20261007,Current binary,0.9039862993732692,0.8735453220751742,0.9653666284302479,0.9171635456726991,0.17121621621621622
four_mode_ae_20261007,Binary only,0.9039862993732692,0.8735453220751742,0.9653666284302479,0.9171635456726991,0.17121621621621622
stacked_baseline_ae_20261005,logistic_C0.1,0.903719088568236,0.8728642915528619,0.9658078178769964,0.9169869411777026,0.1723513513513513
confidence_ae_20261007,Prior selected four-mode,0.9025530777826362,0.8714925818978393,0.9653666284302479,0.9160308539252933,0.17440540540540542
four_mode_ae_20261007,Selected four-mode,0.9025530777826362,0.8714925818978393,0.9653666284302479,0.9160308539252933,0.17440540540540542
uncertainty_residuals_20261007,Score-only logistic,0.8974517805956371,0.8618200364870432,0.9691387981999471,0.9123342574421913,0.19037837837837837
uncertainty_residuals_20261007,Per-feature logistic,0.8963707914298207,0.857809583074051,0.9730874437483455,0.9118194220513457,0.1976216216216216
confidence_ae_20261007,Original override/f1,0.8961157265704708,0.8600207521682101,0.9690505603105973,0.9112860565703084,0.19324324324324324
confidence_ae_20261007,Original override/recall95,0.8962979157557207,0.8617042192599583,0.9668225536045177,0.9112418653970102,0.1901081081081081
confidence_ae_20261007,Mode confidence/f1,0.8775931594033911,0.8286412111268551,0.980433248036707,0.8981691051653059,0.2484054054054054
confidence_ae_20261007,Binary threshold/f1,0.8759048729534081,0.8260506230384965,0.9812494485131915,0.896986317943961,0.25316216216216214
working_v2_baseline_fusion_20261005,OR,0.8647913326531603,0.8112599657796061,0.9831686226065472,0.8889797546624115,0.2802432432432432
working_v2_baseline_fusion_20261005,AND,0.8771316134674245,0.9478583782683896,0.8220682961263567,0.8804933371136944,0.0554054054054054
four_mode_ae_20261007,Fixed four-mode,0.855196035563329,0.8954782196969697,0.8343995411629754,0.8638605947106381,0.11932432432432433
working_v2_baseline_fusion_20261005,Baseline AE,0.8379366467473157,0.8622189007405394,0.8398702903026559,0.8508978757165685,0.1644324324324324
