name,kind,tn,fp,fn,tp,recall,fpr,precision,f1,accuracy,weight,threshold,gate
LightGBM,lgb,7867,326,799,16039,0.9525478085283288,0.03979006468936897,0.9800794378246257,0.9661175195012499,0.9550557308936918,,,
Baseline AE,ae,7192,1001,3216,13622,0.8090034445896187,0.12217746857073111,0.9315461943513643,0.865961031117892,0.8315289041588431,,,
OR,or,6969,1224,667,16171,0.960387219384725,0.14939582570487,0.9296349525725783,0.9447609032220372,0.9244536774399744,,,
AND,and,8090,103,3348,13490,0.8011640337332224,0.012571707555230075,0.992422570440668,0.886595905491111,0.8621309576125604,,,
Weighted rank 0.1,weighted,7890,303,852,15986,0.9494001662905334,0.03698279018674478,0.9813984897783781,0.9651341805777764,0.9538572170508569,0.1,0.6084288974125371,
Weighted rank 0.25,weighted,7883,310,851,15987,0.9494595557667181,0.037837178078847795,0.9809780941277536,0.964961521050249,0.9536175142822899,0.25,0.6195521016792991,
Weighted rank 0.5,weighted,7790,403,860,15978,0.9489250504810548,0.04918833150250214,0.9753983273304438,0.9619795899936783,0.9495425672166513,0.5,0.6280072462624983,
Weighted rank 0.75,weighted,6121,2072,851,15987,0.9494595557667181,0.25289881606249237,0.8852649648374772,0.9162392182709116,0.8832248012464544,0.75,0.5987766752988954,
Weighted rank 0.9,weighted,4961,3232,822,16016,0.951181850576078,0.3944830953252777,0.8320864505403158,0.8876572632045668,0.8380408293715792,0.9,0.5624544949431958,
Selective gate=0 q=0.9,selective,6967,1226,667,16171,0.960387219384725,0.14963993653118515,0.9295280795539461,0.9447057105301592,0.9243737765171188,,0.004529757192358377,0.0
Selective gate=0 q=0.95,selective,7305,888,721,16117,0.9571801876707448,0.1083852068839253,0.9477800646868568,0.952456933486984,0.9357197075626223,,0.008725384250283241,0.0
Selective gate=0 q=0.97,selective,7467,726,743,16095,0.9558736191946787,0.08861222995239838,0.9568396647048333,0.9563563979916219,0.9413127721625185,,0.01367839640006422,0.0
Selective gate=0 q=0.99,selective,7648,545,787,16051,0.9532604822425467,0.06652020017087758,0.9671607616293083,0.9601603158461447,0.9467859853781311,,0.027578630857169606,0.0
Selective gate=0 q=0.995,selective,7845,348,793,16045,0.9529041453854377,0.04247528377883559,0.9787714268285244,0.9656645902921971,0.9544165235108466,,0.04816219182685014,0.0
Selective gate=0.1 q=0.9,selective,7685,508,673,16165,0.9600308825276161,0.06200414988404736,0.9695315780003598,0.9647578407090209,0.9528185050537333,,0.004529757192358377,0.1
Selective gate=0.1 q=0.95,selective,7755,438,722,16116,0.95712079819456,0.05346027096301721,0.9735411380935122,0.9652611403929084,0.9536574647437178,,0.008725384250283241,0.1
Selective gate=0.1 q=0.97,selective,7795,398,744,16094,0.9558142297184938,0.04857805443671427,0.97586708707252,0.9657365736573658,0.9543765730494187,,0.01367839640006422,0.1
Selective gate=0.1 q=0.99,selective,7847,346,788,16050,0.9532010927663618,0.04223117295252044,0.9788972920224445,0.9658783173858098,0.9546961767408414,,0.027578630857169606,0.1
Selective gate=0.1 q=0.995,selective,7856,337,794,16044,0.9528447559092529,0.04113267423410228,0.9794273853855076,0.9659532195430326,0.9548160281251249,,0.04816219182685014,0.1
Selective gate=0.25 q=0.9,selective,7744,449,695,16143,0.9587243140515501,0.05480288050775052,0.9729387656702025,0.9657792402034101,0.9542966721265631,,0.004529757192358377,0.25
Selective gate=0.25 q=0.95,selective,7786,407,735,16103,0.9563487350041573,0.04967655315513243,0.9753482737734707,0.9657550677701812,0.9543765730494187,,0.008725384250283241,0.25
Selective gate=0.25 q=0.97,selective,7818,375,755,16083,0.9551609454804608,0.045770779934090074,0.9772147283995625,0.9660619894281596,0.9548559785865527,,0.01367839640006422,0.25
Selective gate=0.25 q=0.99,selective,7852,341,791,16047,0.9530229243378073,0.041620895886732574,0.9791920917744691,0.9659302955516764,0.954776077663697,,0.027578630857169606,0.25
Selective gate=0.25 q=0.995,selective,7860,333,795,16043,0.9527853664330681,0.040644452581471986,0.9796653639472399,0.9660384175347745,0.9549358795094083,,0.04816219182685014,0.25
Selective gate=0.4 q=0.9,selective,7809,384,738,16100,0.9561705665756028,0.046869278652508235,0.9767046833292891,0.9663285517075806,0.9551755822779753,,0.004529757192358377,0.4
Selective gate=0.4 q=0.95,selective,7834,359,761,16077,0.9548046086233519,0.0438178933235689,0.9781577026040399,0.9663400853519264,0.955255483200831,,0.008725384250283241,0.4
Selective gate=0.4 q=0.97,selective,7851,342,776,16062,0.9539137664805797,0.04174295129989015,0.979151426481346,0.9663678479032549,0.9553353841236867,,0.01367839640006422,0.4
Selective gate=0.4 q=0.99,selective,7866,327,795,16043,0.9527853664330681,0.039912120102526545,0.980024434941967,0.9662129607323536,0.9551755822779753,,0.027578630857169606,0.4
Selective gate=0.4 q=0.995,selective,7866,327,798,16040,0.9526071980045137,0.039912120102526545,0.9800207735076679,0.9661195603071826,0.9550557308936918,,0.04816219182685014,0.4
Selective gate=0.5 q=0.9,selective,7844,349,774,16064,0.9540325454329492,0.04259733919199316,0.9787363675135563,0.9662265796517397,0.9551356318165475,,0.004529757192358377,0.5
Selective gate=0.5 q=0.95,selective,7853,340,784,16054,0.9534386506711011,0.041498840473575,0.9792607051360254,0.966177178623014,0.9550956813551197,,0.008725384250283241,0.5
Selective gate=0.5 q=0.97,selective,7860,333,789,16049,0.953141703290177,0.040644452581471986,0.9796728116225125,0.9662251655629139,0.9551755822779753,,0.01367839640006422,0.5
Selective gate=0.5 q=0.99,selective,7866,327,797,16041,0.9526665874806984,0.039912120102526545,0.9800219941348973,0.9661506956574113,0.9550956813551197,,0.027578630857169606,0.5
Selective gate=0.5 q=0.995,selective,7866,327,799,16039,0.9525478085283288,0.039912120102526545,0.9800195527312722,0.9660884230815564,0.955015780432264,,0.04816219182685014,0.5
