model_key,target,fold,tn,fp,fn,tp,recall,fpr,precision,f1,accuracy
Score-only logistic_C0.01,0.95,0,1522,79,167,3322,0.9521352823158498,0.04934415990006246,0.976771537783005,0.9642960812772133,0.9516699410609037
Score-only logistic_C0.01,0.95,1,1538,63,173,3316,0.9504155918601318,0.03935040599625234,0.9813554306007695,0.9656377402446127,0.9536345776031434
Score-only logistic_C0.01,0.95,2,1539,61,162,3328,0.9535816618911175,0.038125,0.9820005901445854,0.9675824974560255,0.956188605108055
Score-only logistic_C0.01,0.95,3,1527,73,167,3323,0.9521489971346705,0.045625,0.9785041224970553,0.9651466744118501,0.9528487229862476
Score-only logistic_C0.01,0.95,4,1521,79,201,3288,0.942390369733448,0.049375,0.9765369765369766,0.9591598599766628,0.9449793672627235
Score-only logistic_C0.01,0.96,0,1506,95,135,3354,0.9613069647463457,0.05933791380387258,0.9724557842853001,0.9668492360910925,0.9548133595284872
Score-only logistic_C0.01,0.96,1,1526,75,139,3350,0.9601605044425336,0.046845721424109935,0.9781021897810219,0.9690483077813132,0.9579567779960707
Score-only logistic_C0.01,0.96,2,1533,67,137,3353,0.9607449856733524,0.041875,0.9804093567251462,0.9704775687409551,0.9599214145383104
Score-only logistic_C0.01,0.96,3,1509,91,134,3356,0.9616045845272206,0.056875,0.9736002320858718,0.9675652299264812,0.9557956777996071
Score-only logistic_C0.01,0.96,4,1499,101,150,3339,0.9570077386070507,0.063125,0.9706395348837209,0.9637754365709338,0.9506779327962271
Score-only logistic_C0.01,0.97,0,1483,118,98,3391,0.9719117225566065,0.07370393504059962,0.9663721858079225,0.9691340382966562,0.9575638506876228
Score-only logistic_C0.01,0.97,1,1508,93,112,3377,0.9678991114932646,0.05808869456589631,0.9731988472622478,0.9705417445035206,0.9597249508840865
Score-only logistic_C0.01,0.97,2,1504,96,101,3389,0.9710601719197708,0.06,0.9724533715925394,0.9717562724014337,0.9612966601178782
Score-only logistic_C0.01,0.97,3,1476,124,102,3388,0.9707736389684813,0.0775,0.9646924829157175,0.967723507569266,0.9555992141453831
Score-only logistic_C0.01,0.97,4,1468,132,109,3380,0.9687589567211236,0.0825,0.9624145785876993,0.965576346236252,0.952642955393987
Score-only logistic_C0.1,0.95,0,1522,79,167,3322,0.9521352823158498,0.04934415990006246,0.976771537783005,0.9642960812772133,0.9516699410609037
Score-only logistic_C0.1,0.95,1,1538,63,173,3316,0.9504155918601318,0.03935040599625234,0.9813554306007695,0.9656377402446127,0.9536345776031434
Score-only logistic_C0.1,0.95,2,1539,61,163,3327,0.953295128939828,0.038125,0.981995277449823,0.96743239313754,0.955992141453831
Score-only logistic_C0.1,0.95,3,1527,73,167,3323,0.9521489971346705,0.045625,0.9785041224970553,0.9651466744118501,0.9528487229862476
Score-only logistic_C0.1,0.95,4,1522,78,201,3288,0.942390369733448,0.04875,0.9768270944741533,0.9592997811816193,0.9451758695224995
Score-only logistic_C0.1,0.96,0,1506,95,135,3354,0.9613069647463457,0.05933791380387258,0.9724557842853001,0.9668492360910925,0.9548133595284872
Score-only logistic_C0.1,0.96,1,1526,75,135,3354,0.9613069647463457,0.046845721424109935,0.9781277340332458,0.9696444058976583,0.9587426326129665
Score-only logistic_C0.1,0.96,2,1532,68,137,3353,0.9607449856733524,0.0425,0.9801227711195557,0.970337143683982,0.9597249508840865
Score-only logistic_C0.1,0.96,3,1508,92,134,3356,0.9616045845272206,0.0575,0.9733178654292344,0.9674257711155952,0.9555992141453831
Score-only logistic_C0.1,0.96,4,1500,100,151,3338,0.9567211235310977,0.0625,0.970913321698662,0.963764977623791,0.9506779327962271
Score-only logistic_C0.1,0.97,0,1483,118,98,3391,0.9719117225566065,0.07370393504059962,0.9663721858079225,0.9691340382966562,0.9575638506876228
Score-only logistic_C0.1,0.97,1,1507,94,111,3378,0.9681857265692175,0.05871330418488445,0.972926267281106,0.9705502083034047,0.9597249508840865
Score-only logistic_C0.1,0.97,2,1503,97,101,3389,0.9710601719197708,0.060625,0.9721744119334481,0.9716169724770642,0.9611001964636542
Score-only logistic_C0.1,0.97,3,1475,125,102,3388,0.9707736389684813,0.078125,0.9644178764588671,0.9675853205768956,0.9554027504911591
Score-only logistic_C0.1,0.97,4,1468,132,111,3378,0.9681857265692175,0.0825,0.9623931623931624,0.9652807543934848,0.9522499508744351
Score-only logistic_C1.0,0.95,0,1522,79,167,3322,0.9521352823158498,0.04934415990006246,0.976771537783005,0.9642960812772133,0.9516699410609037
Score-only logistic_C1.0,0.95,1,1538,63,171,3318,0.9509888220120378,0.03935040599625234,0.9813664596273292,0.965938864628821,0.9540275049115914
Score-only logistic_C1.0,0.95,2,1539,61,163,3327,0.953295128939828,0.038125,0.981995277449823,0.96743239313754,0.955992141453831
Score-only logistic_C1.0,0.95,3,1527,73,167,3323,0.9521489971346705,0.045625,0.9785041224970553,0.9651466744118501,0.9528487229862476
Score-only logistic_C1.0,0.95,4,1521,79,201,3288,0.942390369733448,0.049375,0.9765369765369766,0.9591598599766628,0.9449793672627235
Score-only logistic_C1.0,0.96,0,1507,94,136,3353,0.9610203496703926,0.05871330418488445,0.9727299100667247,0.9668396770472895,0.9548133595284872
Score-only logistic_C1.0,0.96,1,1526,75,137,3352,0.9607337345944397,0.046845721424109935,0.9781149693609571,0.9693464430306535,0.9583497053045187
Score-only logistic_C1.0,0.96,2,1533,67,137,3353,0.9607449856733524,0.041875,0.9804093567251462,0.9704775687409551,0.9599214145383104
Score-only logistic_C1.0,0.96,3,1509,91,134,3356,0.9616045845272206,0.056875,0.9736002320858718,0.9675652299264812,0.9557956777996071
Score-only logistic_C1.0,0.96,4,1500,100,151,3338,0.9567211235310977,0.0625,0.970913321698662,0.963764977623791,0.9506779327962271
Score-only logistic_C1.0,0.97,0,1483,118,98,3391,0.9719117225566065,0.07370393504059962,0.9663721858079225,0.9691340382966562,0.9575638506876228
Score-only logistic_C1.0,0.97,1,1507,94,111,3378,0.9681857265692175,0.05871330418488445,0.972926267281106,0.9705502083034047,0.9597249508840865
Score-only logistic_C1.0,0.97,2,1503,97,101,3389,0.9710601719197708,0.060625,0.9721744119334481,0.9716169724770642,0.9611001964636542
Score-only logistic_C1.0,0.97,3,1476,124,102,3388,0.9707736389684813,0.0775,0.9646924829157175,0.967723507569266,0.9555992141453831
Score-only logistic_C1.0,0.97,4,1468,132,109,3380,0.9687589567211236,0.0825,0.9624145785876993,0.965576346236252,0.952642955393987
Score-only logistic_C10.0,0.95,0,1522,79,167,3322,0.9521352823158498,0.04934415990006246,0.976771537783005,0.9642960812772133,0.9516699410609037
Score-only logistic_C10.0,0.95,1,1538,63,173,3316,0.9504155918601318,0.03935040599625234,0.9813554306007695,0.9656377402446127,0.9536345776031434
Score-only logistic_C10.0,0.95,2,1539,61,164,3326,0.9530085959885387,0.038125,0.9819899616179509,0.9672822451650429,0.9557956777996071
Score-only logistic_C10.0,0.95,3,1527,73,167,3323,0.9521489971346705,0.045625,0.9785041224970553,0.9651466744118501,0.9528487229862476
Score-only logistic_C10.0,0.95,4,1521,79,201,3288,0.942390369733448,0.049375,0.9765369765369766,0.9591598599766628,0.9449793672627235
Score-only logistic_C10.0,0.96,0,1507,94,136,3353,0.9610203496703926,0.05871330418488445,0.9727299100667247,0.9668396770472895,0.9548133595284872
Score-only logistic_C10.0,0.96,1,1526,75,138,3351,0.9604471195184867,0.046845721424109935,0.978108581436077,0.9691973969631237,0.9581532416502947
Score-only logistic_C10.0,0.96,2,1533,67,137,3353,0.9607449856733524,0.041875,0.9804093567251462,0.9704775687409551,0.9599214145383104
Score-only logistic_C10.0,0.96,3,1511,89,135,3355,0.9613180515759312,0.055625,0.974157955865273,0.9676954139025093,0.955992141453831
Score-only logistic_C10.0,0.96,4,1500,100,151,3338,0.9567211235310977,0.0625,0.970913321698662,0.963764977623791,0.9506779327962271
Score-only logistic_C10.0,0.97,0,1483,118,98,3391,0.9719117225566065,0.07370393504059962,0.9663721858079225,0.9691340382966562,0.9575638506876228
Score-only logistic_C10.0,0.97,1,1507,94,111,3378,0.9681857265692175,0.05871330418488445,0.972926267281106,0.9705502083034047,0.9597249508840865
Score-only logistic_C10.0,0.97,2,1503,97,101,3389,0.9710601719197708,0.060625,0.9721744119334481,0.9716169724770642,0.9611001964636542
Score-only logistic_C10.0,0.97,3,1476,124,102,3388,0.9707736389684813,0.0775,0.9646924829157175,0.967723507569266,0.9555992141453831
Score-only logistic_C10.0,0.97,4,1468,132,109,3380,0.9687589567211236,0.0825,0.9624145785876993,0.965576346236252,0.952642955393987
Total-error logistic_C0.01,0.95,0,1522,79,164,3325,0.9529951275437089,0.04934415990006246,0.9767920094007051,0.9647468446249818,0.9522593320235756
Total-error logistic_C0.01,0.95,1,1538,63,175,3314,0.9498423617082259,0.03935040599625234,0.9813443885105123,0.9653364404311098,0.9532416502946954
Total-error logistic_C0.01,0.95,2,1539,61,162,3328,0.9535816618911175,0.038125,0.9820005901445854,0.9675824974560255,0.956188605108055
Total-error logistic_C0.01,0.95,3,1528,72,169,3321,0.9515759312320917,0.045,0.9787798408488063,0.9649861978788319,0.9526522593320236
Total-error logistic_C0.01,0.95,4,1522,78,201,3288,0.942390369733448,0.04875,0.9768270944741533,0.9592997811816193,0.9451758695224995
Total-error logistic_C0.01,0.96,0,1505,96,133,3356,0.9618801948982516,0.059962523422860715,0.9721900347624566,0.9670076357873505,0.9550098231827112
Total-error logistic_C0.01,0.96,1,1526,75,138,3351,0.9604471195184867,0.046845721424109935,0.978108581436077,0.9691973969631237,0.9581532416502947
Total-error logistic_C0.01,0.96,2,1532,68,137,3353,0.9607449856733524,0.0425,0.9801227711195557,0.970337143683982,0.9597249508840865
Total-error logistic_C0.01,0.96,3,1511,89,131,3359,0.9624641833810889,0.055625,0.9741879350348028,0.9682905736523494,0.9567779960707269
Total-error logistic_C0.01,0.96,4,1500,100,149,3340,0.9572943536830038,0.0625,0.9709302325581395,0.9640640785106076,0.9510709373157792
Total-error logistic_C0.01,0.97,0,1480,121,98,3391,0.9719117225566065,0.07557776389756403,0.9655466970387244,0.9687187544636481,0.9569744597249509
Total-error logistic_C0.01,0.97,1,1509,92,111,3378,0.9681857265692175,0.05746408494690818,0.9734870317002882,0.9708291421181204,0.9601178781925344
Total-error logistic_C0.01,0.97,2,1506,94,104,3386,0.9702005730659026,0.05875,0.9729885057471265,0.9715925394548063,0.9611001964636542
Total-error logistic_C0.01,0.97,3,1481,119,101,3389,0.9710601719197708,0.074375,0.9660775370581528,0.968562446413261,0.9567779960707269
Total-error logistic_C0.01,0.97,4,1469,131,108,3381,0.9690455717970765,0.081875,0.9626993166287016,0.9658620197114698,0.953035959913539
Total-error logistic_C0.1,0.95,0,1522,79,165,3324,0.9527085124677558,0.04934415990006246,0.9767851895386424,0.9645966337782936,0.9520628683693517
Total-error logistic_C0.1,0.95,1,1538,63,174,3315,0.9501289767841788,0.03935040599625234,0.9813499111900533,0.9654871122761031,0.9534381139489194
Total-error logistic_C0.1,0.95,2,1539,61,162,3328,0.9535816618911175,0.038125,0.9820005901445854,0.9675824974560255,0.956188605108055
Total-error logistic_C0.1,0.95,3,1528,72,168,3322,0.951862464183381,0.045,0.9787860931054803,0.9651365485183033,0.9528487229862476
Total-error logistic_C0.1,0.95,4,1521,79,200,3289,0.942676984809401,0.049375,0.9765439429928741,0.9593116523260902,0.9451758695224995
Total-error logistic_C0.1,0.96,0,1506,95,133,3356,0.9618801948982516,0.05933791380387258,0.9724717473196175,0.9671469740634006,0.9552062868369352
Total-error logistic_C0.1,0.96,1,1526,75,135,3354,0.9613069647463457,0.046845721424109935,0.9781277340332458,0.9696444058976583,0.9587426326129665
Total-error logistic_C0.1,0.96,2,1532,68,137,3353,0.9607449856733524,0.0425,0.9801227711195557,0.970337143683982,0.9597249508840865
Total-error logistic_C0.1,0.96,3,1511,89,133,3357,0.9618911174785101,0.055625,0.9741729541497388,0.9679930795847751,0.956385068762279
Total-error logistic_C0.1,0.96,4,1500,100,151,3338,0.9567211235310977,0.0625,0.970913321698662,0.963764977623791,0.9506779327962271
Total-error logistic_C0.1,0.97,0,1483,118,98,3391,0.9719117225566065,0.07370393504059962,0.9663721858079225,0.9691340382966562,0.9575638506876228
Total-error logistic_C0.1,0.97,1,1508,93,110,3379,0.9684723416451705,0.05808869456589631,0.9732142857142857,0.970837523344347,0.9601178781925344
Total-error logistic_C0.1,0.97,2,1506,94,103,3387,0.970487106017192,0.05875,0.9729962654409653,0.9717400659876632,0.9612966601178782
Total-error logistic_C0.1,0.97,3,1478,122,101,3389,0.9710601719197708,0.07625,0.9652520649387639,0.9681474075132124,0.956188605108055
Total-error logistic_C0.1,0.97,4,1469,131,110,3379,0.9684723416451705,0.081875,0.9626780626780627,0.9655665095013574,0.952642955393987
Total-error logistic_C1.0,0.95,0,1522,79,165,3324,0.9527085124677558,0.04934415990006246,0.9767851895386424,0.9645966337782936,0.9520628683693517
Total-error logistic_C1.0,0.95,1,1538,63,171,3318,0.9509888220120378,0.03935040599625234,0.9813664596273292,0.965938864628821,0.9540275049115914
Total-error logistic_C1.0,0.95,2,1539,61,163,3327,0.953295128939828,0.038125,0.981995277449823,0.96743239313754,0.955992141453831
Total-error logistic_C1.0,0.95,3,1527,73,167,3323,0.9521489971346705,0.045625,0.9785041224970553,0.9651466744118501,0.9528487229862476
Total-error logistic_C1.0,0.95,4,1521,79,200,3289,0.942676984809401,0.049375,0.9765439429928741,0.9593116523260902,0.9451758695224995
Total-error logistic_C1.0,0.96,0,1507,94,133,3356,0.9618801948982516,0.05871330418488445,0.9727536231884057,0.9672863525003603,0.9554027504911591
Total-error logistic_C1.0,0.96,1,1526,75,135,3354,0.9613069647463457,0.046845721424109935,0.9781277340332458,0.9696444058976583,0.9587426326129665
Total-error logistic_C1.0,0.96,2,1532,68,137,3353,0.9607449856733524,0.0425,0.9801227711195557,0.970337143683982,0.9597249508840865
Total-error logistic_C1.0,0.96,3,1509,91,134,3356,0.9616045845272206,0.056875,0.9736002320858718,0.9675652299264812,0.9557956777996071
Total-error logistic_C1.0,0.96,4,1500,100,151,3338,0.9567211235310977,0.0625,0.970913321698662,0.963764977623791,0.9506779327962271
Total-error logistic_C1.0,0.97,0,1483,118,98,3391,0.9719117225566065,0.07370393504059962,0.9663721858079225,0.9691340382966562,0.9575638506876228
Total-error logistic_C1.0,0.97,1,1508,93,110,3379,0.9684723416451705,0.05808869456589631,0.9732142857142857,0.970837523344347,0.9601178781925344
Total-error logistic_C1.0,0.97,2,1504,96,103,3387,0.970487106017192,0.06,0.9724375538329026,0.9714613509249964,0.9609037328094302
Total-error logistic_C1.0,0.97,3,1476,124,101,3389,0.9710601719197708,0.0775,0.9647025334471961,0.9678709124660859,0.9557956777996071
Total-error logistic_C1.0,0.97,4,1469,131,110,3379,0.9684723416451705,0.081875,0.9626780626780627,0.9655665095013574,0.952642955393987
Total-error logistic_C10.0,0.95,0,1522,79,165,3324,0.9527085124677558,0.04934415990006246,0.9767851895386424,0.9645966337782936,0.9520628683693517
Total-error logistic_C10.0,0.95,1,1538,63,170,3319,0.9512754370879908,0.03935040599625234,0.9813719692489651,0.9660893610828118,0.9542239685658154
Total-error logistic_C10.0,0.95,2,1539,61,162,3328,0.9535816618911175,0.038125,0.9820005901445854,0.9675824974560255,0.956188605108055
Total-error logistic_C10.0,0.95,3,1527,73,166,3324,0.9524355300859599,0.045625,0.9785104503974095,0.9652969362567155,0.9530451866404716
Total-error logistic_C10.0,0.95,4,1520,80,199,3290,0.9429635998853539,0.05,0.9762611275964391,0.9593235165476017,0.9451758695224995
Total-error logistic_C10.0,0.96,0,1509,92,135,3354,0.9613069647463457,0.05746408494690818,0.9733023795705166,0.967267483777938,0.9554027504911591
Total-error logistic_C10.0,0.96,1,1526,75,137,3352,0.9607337345944397,0.046845721424109935,0.9781149693609571,0.9693464430306535,0.9583497053045187
Total-error logistic_C10.0,0.96,2,1532,68,137,3353,0.9607449856733524,0.0425,0.9801227711195557,0.970337143683982,0.9597249508840865
Total-error logistic_C10.0,0.96,3,1511,89,135,3355,0.9613180515759312,0.055625,0.974157955865273,0.9676954139025093,0.955992141453831
Total-error logistic_C10.0,0.96,4,1500,100,151,3338,0.9567211235310977,0.0625,0.970913321698662,0.963764977623791,0.9506779327962271
Total-error logistic_C10.0,0.97,0,1483,118,98,3391,0.9719117225566065,0.07370393504059962,0.9663721858079225,0.9691340382966562,0.9575638506876228
Total-error logistic_C10.0,0.97,1,1508,93,110,3379,0.9684723416451705,0.05808869456589631,0.9732142857142857,0.970837523344347,0.9601178781925344
Total-error logistic_C10.0,0.97,2,1504,96,103,3387,0.970487106017192,0.06,0.9724375538329026,0.9714613509249964,0.9609037328094302
Total-error logistic_C10.0,0.97,3,1477,123,101,3389,0.9710601719197708,0.076875,0.9649772209567198,0.9680091402456441,0.955992141453831
Total-error logistic_C10.0,0.97,4,1469,131,111,3378,0.9681857265692175,0.081875,0.9626674266172699,0.965418691054587,0.9524464531342111
Per-feature logistic_C0.01,0.95,0,1518,83,163,3326,0.9532817426196618,0.051842598376014994,0.9756526840715752,0.9643374891272832,0.9516699410609037
Per-feature logistic_C0.01,0.95,1,1540,61,172,3317,0.9507022069360849,0.038101186758276076,0.9819419775014802,0.9660696082714432,0.9542239685658154
Per-feature logistic_C0.01,0.95,2,1538,62,159,3331,0.9544412607449857,0.03875,0.981727085175361,0.9678919075984309,0.9565815324165029
Per-feature logistic_C0.01,0.95,3,1530,70,176,3314,0.9495702005730658,0.04375,0.9793144208037825,0.9642129764329357,0.9516699410609037
Per-feature logistic_C0.01,0.95,4,1527,73,202,3287,0.942103754657495,0.045625,0.9782738095238095,0.9598481530150387,0.9459618785616034
Per-feature logistic_C0.01,0.96,0,1501,100,135,3354,0.9613069647463457,0.06246096189881324,0.9710480602200348,0.9661529598156416,0.9538310412573674
Per-feature logistic_C0.01,0.96,1,1518,83,140,3349,0.9598738893665807,0.051842598376014994,0.9758158508158508,0.9677792226556856,0.956188605108055
Per-feature logistic_C0.01,0.96,2,1528,72,139,3351,0.9601719197707737,0.045,0.978965819456617,0.9694777954578331,0.9585461689587427
Per-feature logistic_C0.01,0.96,3,1509,91,127,3363,0.9636103151862464,0.056875,0.9736537348002317,0.9686059907834101,0.9571709233791749
Per-feature logistic_C0.01,0.96,4,1507,93,155,3334,0.9555746632272858,0.058125,0.9728625620075868,0.9641411220358589,0.9512674395755552
Per-feature logistic_C0.01,0.97,0,1478,123,94,3395,0.9730581828604185,0.07682698313554029,0.965036952814099,0.9690309690309691,0.9573673870333989
Per-feature logistic_C0.01,0.97,1,1503,98,112,3377,0.9678991114932646,0.061211742660836975,0.9717985611510791,0.9698449167145319,0.9587426326129665
Per-feature logistic_C0.01,0.97,2,1503,97,105,3385,0.9699140401146131,0.060625,0.9721424468696152,0.9710269650028687,0.9603143418467583
Per-feature logistic_C0.01,0.97,3,1473,127,99,3391,0.9716332378223496,0.079375,0.9638999431495168,0.9677511415525114,0.9555992141453831
Per-feature logistic_C0.01,0.97,4,1474,126,110,3379,0.9684723416451705,0.07875,0.9640513552068474,0.966256791535602,0.953625466692867
Per-feature logistic_C0.1,0.95,0,1522,79,162,3327,0.9535683576956148,0.04934415990006246,0.9768056371109807,0.9650471356055113,0.9526522593320236
Per-feature logistic_C0.1,0.95,1,1536,65,169,3320,0.9515620521639439,0.04059962523422861,0.9807976366322009,0.9659586848996218,0.9540275049115914
Per-feature logistic_C0.1,0.95,2,1541,59,163,3327,0.953295128939828,0.036875,0.9825753101004134,0.9677137870855148,0.956385068762279
Per-feature logistic_C0.1,0.95,3,1531,69,172,3318,0.9507163323782235,0.043125,0.9796279893711249,0.9649556492656681,0.9526522593320236
Per-feature logistic_C0.1,0.95,4,1521,79,204,3285,0.9415305245055889,0.049375,0.9765160523186682,0.9587042171311835,0.9443898604833956
Per-feature logistic_C0.1,0.96,0,1502,99,132,3357,0.9621668099742047,0.06183635227982511,0.9713541666666666,0.9667386609071275,0.9546168958742632
Per-feature logistic_C0.1,0.96,1,1516,85,140,3349,0.9598738893665807,0.05309181761399125,0.9752475247524752,0.9674996388848764,0.9557956777996071
Per-feature logistic_C0.1,0.96,2,1529,71,139,3351,0.9601719197707737,0.044375,0.9792518994739918,0.9696180555555556,0.9587426326129665
Per-feature logistic_C0.1,0.96,3,1512,88,127,3363,0.9636103151862464,0.055,0.9745001448855404,0.9690246362195649,0.9577603143418467
Per-feature logistic_C0.1,0.96,4,1502,98,158,3331,0.9547148179994268,0.06125,0.9714202391367746,0.9629950852847644,0.9496954214973472
Per-feature logistic_C0.1,0.97,0,1479,122,98,3391,0.9719117225566065,0.07620237351655215,0.9652718474238543,0.9685804055984004,0.9567779960707269
Per-feature logistic_C0.1,0.97,1,1502,99,107,3382,0.9693321868730295,0.06183635227982511,0.9715598965814422,0.9704447632711621,0.9595284872298625
Per-feature logistic_C0.1,0.97,2,1503,97,107,3383,0.9693409742120344,0.060625,0.9721264367816091,0.9707317073170731,0.9599214145383104
Per-feature logistic_C0.1,0.97,3,1474,126,96,3394,0.9724928366762178,0.07875,0.9642045454545455,0.9683309557774608,0.956385068762279
Per-feature logistic_C0.1,0.97,4,1471,129,114,3375,0.9673258813413586,0.080625,0.9631849315068494,0.9652509652509652,0.9522499508744351
Per-feature logistic_C1.0,0.95,0,1520,81,163,3326,0.9532817426196618,0.05059337913803873,0.9762254182565306,0.9646171693735499,0.9520628683693517
Per-feature logistic_C1.0,0.95,1,1537,64,171,3318,0.9509888220120378,0.03997501561524047,0.9810762862211709,0.9657982826371707,0.9538310412573674
Per-feature logistic_C1.0,0.95,2,1545,55,165,3325,0.9527220630372493,0.034375,0.9837278106508875,0.9679767103347889,0.9567779960707269
Per-feature logistic_C1.0,0.95,3,1527,73,169,3321,0.9515759312320917,0.045625,0.978491455509723,0.9648460197559559,0.9524557956777996
Per-feature logistic_C1.0,0.95,4,1521,79,204,3285,0.9415305245055889,0.049375,0.9765160523186682,0.9587042171311835,0.9443898604833956
Per-feature logistic_C1.0,0.96,0,1502,99,141,3348,0.9595872742906277,0.06183635227982511,0.9712793733681462,0.9653979238754326,0.9528487229862476
Per-feature logistic_C1.0,0.96,1,1517,84,139,3350,0.9601605044425336,0.05246720799500312,0.9755387303436226,0.9677885309836776,0.956188605108055
Per-feature logistic_C1.0,0.96,2,1530,70,144,3346,0.9587392550143267,0.04375,0.9795081967213115,0.9690124529394729,0.9579567779960707
Per-feature logistic_C1.0,0.96,3,1509,91,127,3363,0.9636103151862464,0.056875,0.9736537348002317,0.9686059907834101,0.9571709233791749
Per-feature logistic_C1.0,0.96,4,1500,100,144,3345,0.9587274290627688,0.0625,0.9709724238026125,0.9648110758580906,0.952053448614659
Per-feature logistic_C1.0,0.97,0,1480,121,101,3388,0.9710518773287475,0.07557776389756403,0.9655172413793104,0.9682766504715633,0.956385068762279
Per-feature logistic_C1.0,0.97,1,1503,98,110,3379,0.9684723416451705,0.061211742660836975,0.9718147828587863,0.9701406833189778,0.9591355599214145
Per-feature logistic_C1.0,0.97,2,1502,98,106,3384,0.9696275071633238,0.06125,0.9718552556002298,0.9707401032702238,0.9599214145383104
Per-feature logistic_C1.0,0.97,3,1474,126,97,3393,0.9722063037249283,0.07875,0.9641943734015346,0.9681837637323442,0.956188605108055
Per-feature logistic_C1.0,0.97,4,1466,134,107,3382,0.9693321868730295,0.08375,0.9618885096700797,0.9655960028551035,0.952642955393987
Per-feature logistic_C10.0,0.95,0,1519,82,164,3325,0.9529951275437089,0.05121798875702686,0.975931904901673,0.9643271461716937,0.9516699410609037
Per-feature logistic_C10.0,0.95,1,1534,67,171,3318,0.9509888220120378,0.04184884447220487,0.9802067946824224,0.9653767820773931,0.9532416502946954
Per-feature logistic_C10.0,0.95,2,1539,61,166,3324,0.9524355300859599,0.038125,0.9819793205317577,0.9669818181818182,0.9554027504911591
Per-feature logistic_C10.0,0.95,3,1526,74,170,3320,0.9512893982808023,0.04625,0.9781968179139658,0.9645554909936084,0.9520628683693517
Per-feature logistic_C10.0,0.95,4,1520,80,201,3288,0.942390369733448,0.05,0.9762470308788599,0.959019979582908,0.9447828650029475
Per-feature logistic_C10.0,0.96,0,1501,100,141,3348,0.9595872742906277,0.06246096189881324,0.9709976798143851,0.9652587573879199,0.9526522593320236
Per-feature logistic_C10.0,0.96,1,1517,84,141,3348,0.9595872742906277,0.05246720799500312,0.9755244755244755,0.9674902470741222,0.9557956777996071
Per-feature logistic_C10.0,0.96,2,1530,70,142,3348,0.9593123209169054,0.04375,0.9795201872440024,0.9693109438332368,0.9583497053045187
Per-feature logistic_C10.0,0.96,3,1508,92,126,3364,0.9638968481375358,0.0575,0.9733796296296297,0.9686150302332277,0.9571709233791749
Per-feature logistic_C10.0,0.96,4,1500,100,147,3342,0.9578675838349097,0.0625,0.9709471237652527,0.9643630067811283,0.9514639418353311
Per-feature logistic_C10.0,0.97,0,1480,121,107,3382,0.9693321868730295,0.07557776389756403,0.965458178703968,0.967391304347826,0.9552062868369352
Per-feature logistic_C10.0,0.97,1,1503,98,109,3380,0.9687589567211236,0.061211742660836975,0.9718228867165037,0.970288502942443,0.9593320235756385
Per-feature logistic_C10.0,0.97,2,1504,96,105,3385,0.9699140401146131,0.06,0.972421717897156,0.9711662602209152,0.9605108055009823
Per-feature logistic_C10.0,0.97,3,1473,127,96,3394,0.9724928366762178,0.079375,0.9639307015052542,0.9681928398231351,0.956188605108055
Per-feature logistic_C10.0,0.97,4,1464,136,106,3383,0.9696188019489825,0.085,0.961352657004831,0.9654680365296804,0.9524464531342111
