feature,coefficient,absolute_coefficient
LightGBM logit,7.923614829212436,7.923614829212436
AE error: sbytes,0.988129925099195,0.988129925099195
AE error: synack,-0.9805983811490573,0.9805983811490573
AE error: sloss,0.9005300616890686,0.9005300616890686
AE error: tcprtt,-0.8856493041195507,0.8856493041195507
AE error: trans_depth,-0.7907531594678239,0.7907531594678239
AE error: ct_dst_sport_ltm,-0.7641052037698213,0.7641052037698213
AE error: swin,0.623736405364898,0.623736405364898
AE error: ct_src_dport_ltm,0.5905789431618014,0.5905789431618014
AE error: proto,-0.5792677746740849,0.5792677746740849
AE error: ct_src_ltm,0.5155502001681175,0.5155502001681175
AE error: ackdat,-0.4933008310908765,0.4933008310908765
AE error: dwin,0.458177871882191,0.458177871882191
AE error: service,0.3963506162620676,0.3963506162620676
AE error: sjit,-0.38679370782760936,0.38679370782760936
AE error: spkts,0.384784234607974,0.384784234607974
AE error: ct_dst_src_ltm,0.3834836537030821,0.3834836537030821
AE error: dpkts,-0.38146937628887756,0.38146937628887756
AE error: sload,0.37329843532329265,0.37329843532329265
AE error: dur,0.3105426864457622,0.3105426864457622
AE error: dttl,-0.28899623350462106,0.28899623350462106
AE error: sttl,-0.2787020588612215,0.2787020588612215
AE error: dloss,0.27599523485589744,0.27599523485589744
AE error: stcpb,0.26353020240021496,0.26353020240021496
AE error: rate,-0.255808861552869,0.255808861552869
AE error: dinpkt,0.25547677232665006,0.25547677232665006
AE error: sinpkt,-0.2539696557810919,0.2539696557810919
AE error: is_ftp_login,0.22974047817121898,0.22974047817121898
AE error: ct_srv_dst,0.21062727481636048,0.21062727481636048
AE error: state,0.19824837021099787,0.19824837021099787
AE error: response_body_len,0.19274459665152505,0.19274459665152505
AE error: ct_flw_http_mthd,0.18271478652989132,0.18271478652989132
AE error: djit,0.15642915154513562,0.15642915154513562
AE error: dmean,0.1251391303446245,0.1251391303446245
AE error: dtcpb,0.11752116632873841,0.11752116632873841
AE error: dbytes,0.11314454434141236,0.11314454434141236
AE error: ct_ftp_cmd,0.07727998052167183,0.07727998052167183
AE error: smean,0.07577855591033199,0.07577855591033199
AE error: ct_dst_ltm,-0.030064919081820442,0.030064919081820442
AE error: is_sm_ips_ports,-0.02859940242193975,0.02859940242193975
AE error: ct_srv_src,-0.023798859432670467,0.023798859432670467
AE error: ct_state_ttl,0.01864018644730484,0.01864018644730484
AE error: dload,0.0037972045114451802,0.0037972045114451802
